"SITE_NO","REFERENCE","AUTHOR","YEAR","TITLE","SOURCE"
"13912","BR 1117","DUNSTAN, B.","1902","THE CLERMONT GOLD FIELD.","GEOLOGICAL SURVEY OF QUEENSLAND, PUBLICATION 176."
"13912","BR 6823","","","AIRIAL PHOTOGRAPHY OBTAINED FROM THE DEPARTMENT OF NATURAL RESOURCES AND MINES.",""
"13912","BR 7050","BALL, L.C.","1905","BLACK RIDGE, CLERMONT, SUPPLEMENTARY REPORT-I.","QUEENSLAND GOVERNMENT MINING JOURNAL, 6, 622-629."
"13912","BR 7051","BALL, L.C.","1905","BLACK RIDGE, CLERMONT, PRELIMINARY REPORT- I, II, III.","QUEENSLAND GOVERNMENT MINING JOURNAL, 6, 274-281, 336-346, 392-401."
"13915","BR 6823","","","AIRIAL PHOTOGRAPHY OBTAINED FROM THE DEPARTMENT OF NATURAL RESOURCES AND MINES.",""
"13915","BR 6829","DUNSTAN, B.,","1902","THE CLERMONT GOLDFIELD.","GEOLOGICAL SURVEY OF QUEENSLAND, PUBLICATION 176."
"36001","BR 2818","SIEMON, J.E.","1973","LIMESTONE RESOURCES OF THE WARWICK-TEXAS AREA.","GEOLOGICAL SURVEY OF QUEENSLAND, REPORT 80."
"36001","BR 945","DENARO, T.J.","1989","MINERAL OCCURRENCES - INGLEWOOD, TEXAS AND ASHFORD 1:100 000 SHEET AREAS, QUEENSLAND.","QUEENSLAND DEPARTMENT OF MINES RECORD 1989/32."
"36002","BR 2818","SIEMON, J.E.","1973","LIMESTONE RESOURCES OF THE WARWICK-TEXAS AREA.","GEOLOGICAL SURVEY OF QUEENSLAND, REPORT 80."
"36002","BR 945","DENARO, T.J.","1989","MINERAL OCCURRENCES - INGLEWOOD, TEXAS AND ASHFORD 1:100 000 SHEET AREAS, QUEENSLAND.","QUEENSLAND DEPARTMENT OF MINES RECORD 1989/32."
"36003","BR 2818","SIEMON, J.E.","1973","LIMESTONE RESOURCES OF THE WARWICK-TEXAS AREA.","GEOLOGICAL SURVEY OF QUEENSLAND, REPORT 80."
"36003","BR 6187","QUEENSLAND NATURAL RESOURCES AND MINES (DNRM)","","MINERAL PRODUCTION STATISTICS DATABASE (ROYALTIES AND RETURNS).","DEPARTMENT OF NATURAL RESOURCES AND MINES (DNRM), QUEENSLAND MINES AND ENERGY."
"36003","BR 945","DENARO, T.J.","1989","MINERAL OCCURRENCES - INGLEWOOD, TEXAS AND ASHFORD 1:100 000 SHEET AREAS, QUEENSLAND.","QUEENSLAND DEPARTMENT OF MINES RECORD 1989/32."
"36004","BR 945","DENARO, T.J.","1989","MINERAL OCCURRENCES - INGLEWOOD, TEXAS AND ASHFORD 1:100 000 SHEET AREAS, QUEENSLAND.","QUEENSLAND DEPARTMENT OF MINES RECORD 1989/32."
"36005","BR 1654","JENSEN, H.I.","1939","THE HERBERTON DISTRICT.","AERIAL, GEOLOGICAL AND GEOPHYSICAL SURVEY OF NORTHERN AUSTRALIA, REPORT 40.  (UNPUBLISHED)."
"36005","BR 2437","POLLARD, P.J.","1984","GRANITES AND ASSOCIATED TIN-TUNGSTEN MINERALISATION IN THE EMUFORD DISTRICT, NORTHEAST QUEENSLAND, AUSTRALIA.","PH.D. THESIS, JAMES COOK UNIVERSITY OF NORTH QUEENSLAND, TOWNSVILLE."
"36005","BR 346","BLAKE, D.H.","1972","REGIONAL AND ECONOMIC GEOLOGY OF THE HERBERTON - MOUNT GARNET AREA, HERBERTON TINFIELD, NORTH QUEENSLAND.","BUREAU OF MINERAL RESOURCES, GEOLOGY AND GEOPHYSICS, AUSTRALIA, BULLETIN 124."
"36005","BR 855","DASH, P.H., BARKER, R.M., MORWOOD, D.A., CULPEPER, L.G., & LAM, J.S.","1991","MINERAL OCCURRENCES - ATHERTON 1:100 000 SHEET AREA.","QUEENSLAND RESOURCE INDUSTRIES RECORD 1991/14."
"36006","BR 1905","ARDM","1905","ANNUAL REPORT OF THE UNDER SECRETARY FOR MINES FOR THE YEAR 1905.","DEPARTMENT OF MINES, QUEENSLAND, BRISBANE."
"36006","BR 1906","ARDM","1906","ANNUAL REPORT OF THE UNDER SECRETARY FOR MINES FOR THE YEAR 1906.","DEPARTMENT OF MINES, QUEENSLAND, BRISBANE."
"36006","BR 1910","ARDM","1910","ANNUAL REPORT OF THE UNDER SECRETARY FOR MINES FOR THE YEAR 1910.","DEPARTMENT OF MINES, QUEENSLAND, BRISBANE."
"36006","BR 1911","ARDM","1911","ANNUAL REPORT OF THE UNDER SECRETARY FOR MINES FOR THE YEAR 1911.","DEPARTMENT OF MINES, QUEENSLAND, BRISBANE."
"36006","BR 1941","ARDM","1941","ANNUAL REPORT OF THE UNDER SECRETARY FOR MINES FOR THE YEAR 1941.","DEPARTMENT OF MINES, QUEENSLAND, BRISBANE."
"36006","BR 1946","ARDM","1946","ANNUAL REPORT OF THE UNDER SECRETARY FOR MINES FOR THE YEAR 1946.","DEPARTMENT OF MINES, QUEENSLAND, BRISBANE."
"36006","BR 1949","ARDM","1949","ANNUAL REPORT OF THE UNDER SECRETARY FOR MINES FOR THE YEAR 1949.","DEPARTMENT OF MINES, QUEENSLAND, BRISBANE."
"36006","BR 1955","ARDM","1955","ANNUAL REPORT OF THE UNDER SECRETARY FOR MINES FOR THE YEAR 1955.","DEPARTMENT OF MINES, QUEENSLAND, BRISBANE."
"36006","BR 1957","ARDM","1957","ANNUAL REPORT OF THE UNDER SECRETARY FOR MINES FOR THE YEAR 1957.","DEPARTMENT OF MINES, QUEENSLAND, BRISBANE."
"36006","BR 1966","ARDM","1966","ANNUAL REPORT OF THE UNDER SECRETARY FOR MINES FOR THE YEAR 1966.","DEPARTMENT OF MINES, QUEENSLAND, BRISBANE."
"36006","BR 346","BLAKE, D.H.","1972","REGIONAL AND ECONOMIC GEOLOGY OF THE HERBERTON - MOUNT GARNET AREA, HERBERTON TINFIELD, NORTH QUEENSLAND.","BUREAU OF MINERAL RESOURCES, GEOLOGY AND GEOPHYSICS, AUSTRALIA, BULLETIN 124."
"36006","BR 855","DASH, P.H., BARKER, R.M., MORWOOD, D.A., CULPEPER, L.G., & LAM, J.S.","1991","MINERAL OCCURRENCES - ATHERTON 1:100 000 SHEET AREA.","QUEENSLAND RESOURCE INDUSTRIES RECORD 1991/14."
"36007","BR 1654","JENSEN, H.I.","1939","THE HERBERTON DISTRICT.","AERIAL, GEOLOGICAL AND GEOPHYSICAL SURVEY OF NORTHERN AUSTRALIA, REPORT 40.  (UNPUBLISHED)."
"36007","BR 346","BLAKE, D.H.","1972","REGIONAL AND ECONOMIC GEOLOGY OF THE HERBERTON - MOUNT GARNET AREA, HERBERTON TINFIELD, NORTH QUEENSLAND.","BUREAU OF MINERAL RESOURCES, GEOLOGY AND GEOPHYSICS, AUSTRALIA, BULLETIN 124."
"36007","BR 8092","NORTH QUEENSLAND METALS LTD","2006","PROSPECTUS.","PROSPECTUS DATED 26 OCTOBER 2006. NORTH QUEENSLAND METALS LTD, BRISBANE."
"36007","BR 855","DASH, P.H., BARKER, R.M., MORWOOD, D.A., CULPEPER, L.G., & LAM, J.S.","1991","MINERAL OCCURRENCES - ATHERTON 1:100 000 SHEET AREA.","QUEENSLAND RESOURCE INDUSTRIES RECORD 1991/14."
"36008","BR 1654","JENSEN, H.I.","1939","THE HERBERTON DISTRICT.","AERIAL, GEOLOGICAL AND GEOPHYSICAL SURVEY OF NORTHERN AUSTRALIA, REPORT 40.  (UNPUBLISHED)."
"36008","BR 1887","ARDM","1887","ANNUAL REPORT OF THE DEPARTMENT OF MINES, QUEENSLAND, FOR THE YEAR 1887.","DEPARTMENT OF MINES, QUEENSLAND, BRISBANE."
"36008","BR 1892","ARDM","1892","ANNUAL REPORT OF THE UNDER SECRETARY FOR MINES FOR THE YEAR 1892.","DEPARTMENT OF MINES, QUEENSLAND, BRISBANE."
"36008","BR 1905","ARDM","1905","ANNUAL REPORT OF THE UNDER SECRETARY FOR MINES FOR THE YEAR 1905.","DEPARTMENT OF MINES, QUEENSLAND, BRISBANE."
"36008","BR 1906","ARDM","1906","ANNUAL REPORT OF THE UNDER SECRETARY FOR MINES FOR THE YEAR 1906.","DEPARTMENT OF MINES, QUEENSLAND, BRISBANE."
"36008","BR 1907","ARDM","1907","ANNUAL REPORT OF THE UNDER SECRETARY FOR MINES FOR THE YEAR 1907.","DEPARTMENT OF MINES, QUEENSLAND, BRISBANE."
"36008","BR 1908","ARDM","1908","ANNUAL REPORT OF THE UNDER SECRETARY FOR MINES FOR THE YEAR 1908.","DEPARTMENT OF MINES, QUEENSLAND, BRISBANE."
"36008","BR 1909","ARDM","1909","ANNUAL REPORT OF THE UNDER SECRETARY FOR MINES FOR THE YEAR 1909.","DEPARTMENT OF MINES, QUEENSLAND, BRISBANE."
"36008","BR 1910","ARDM","1910","ANNUAL REPORT OF THE UNDER SECRETARY FOR MINES FOR THE YEAR 1910.","DEPARTMENT OF MINES, QUEENSLAND, BRISBANE."
"36008","BR 1911","ARDM","1911","ANNUAL REPORT OF THE UNDER SECRETARY FOR MINES FOR THE YEAR 1911.","DEPARTMENT OF MINES, QUEENSLAND, BRISBANE."
"36008","BR 1912","ARDM","1912","ANNUAL REPORT OF THE UNDER SECRETARY FOR MINES FOR THE YEAR 1912.","DEPARTMENT OF MINES, QUEENSLAND, BRISBANE."
"36008","BR 1913","ARDM","1913","ANNUAL REPORT OF THE UNDER SECRETARY FOR MINES FOR THE YEAR 1913.","DEPARTMENT OF MINES, QUEENSLAND, BRISBANE."
"36008","BR 1914","ARDM","1914","ANNUAL REPORT OF THE UNDER SECRETARY FOR MINES FOR THE YEAR 1914.","DEPARTMENT OF MINES, QUEENSLAND, BRISBANE."
"36008","BR 1915","ARDM","1915","ANNUAL REPORT OF THE UNDER SECRETARY FOR MINES FOR THE YEAR 1915.","DEPARTMENT OF MINES, QUEENSLAND, BRISBANE."
"36008","BR 1916","ARDM","1916","ANNUAL REPORT OF THE UNDER SECRETARY FOR MINES FOR THE YEAR 1916.","DEPARTMENT OF MINES, QUEENSLAND, BRISBANE."
"36008","BR 1917","ARDM","1917","ANNUAL REPORT OF THE UNDER SECRETARY FOR MINES FOR THE YEAR 1917.","DEPARTMENT OF MINES, QUEENSLAND, BRISBANE."
"36008","BR 1918","ARDM","1918","ANNUAL REPORT OF THE UNDER SECRETARY FOR MINES FOR THE YEAR 1918.","DEPARTMENT OF MINES, QUEENSLAND, BRISBANE."
"36008","BR 1919","ARDM","1919","ANNUAL REPORT OF THE UNDER SECRETARY FOR MINES FOR THE YEAR 1919.","DEPARTMENT OF MINES, QUEENSLAND, BRISBANE."
"36008","BR 1920","ARDM","1920","ANNUAL REPORT OF THE UNDER SECRETARY FOR MINES FOR THE YEAR 1920.","DEPARTMENT OF MINES, QUEENSLAND, BRISBANE."
"36008","BR 1921","ARDM","1921","ANNUAL REPORT OF THE UNDER SECRETARY FOR MINES FOR THE YEAR 1921.","DEPARTMENT OF MINES, QUEENSLAND, BRISBANE."
"36008","BR 1922","ARDM","1922","ANNUAL REPORT OF THE UNDER SECRETARY FOR MINES FOR THE YEAR 1922.","DEPARTMENT OF MINES, QUEENSLAND, BRISBANE."
"36008","BR 1923","ARDM","1923","ANNUAL REPORT OF THE UNDER SECRETARY FOR MINES FOR THE YEAR 1923.","DEPARTMENT OF MINES, QUEENSLAND, BRISBANE."
"36008","BR 1924","ARDM","1924","ANNUAL REPORT OF THE UNDER SECRETARY FOR MINES FOR THE YEAR 1924.","DEPARTMENT OF MINES, QUEENSLAND, BRISBANE."
"36008","BR 1925","ARDM","1925","ANNUAL REPORT OF THE UNDER SECRETARY FOR MINES FOR THE YEAR 1925.","DEPARTMENT OF MINES, QUEENSLAND, BRISBANE."
"36008","BR 1926","ARDM","1926","ANNUAL REPORT OF THE UNDER SECRETARY FOR MINES FOR THE YEAR 1926.","DEPARTMENT OF MINES, QUEENSLAND, BRISBANE."
"36008","BR 1927","ARDM","1927","ANNUAL REPORT OF THE UNDER SECRETARY FOR MINES FOR THE YEAR 1927.","DEPARTMENT OF MINES, QUEENSLAND, BRISBANE."
"36008","BR 1928","ARDM","1928","ANNUAL REPORT OF THE UNDER SECRETARY FOR MINES FOR THE YEAR 1928.","DEPARTMENT OF MINES, QUEENSLAND, BRISBANE."
"36008","BR 1929","ARDM","1929","ANNUAL REPORT OF THE UNDER SECRETARY FOR MINES FOR THE YEAR 1929.","DEPARTMENT OF MINES, QUEENSLAND, BRISBANE."
"36008","BR 1930","ARDM","1930","ANNUAL REPORT OF THE UNDER SECRETARY FOR MINES FOR THE YEAR 1930.","DEPARTMENT OF MINES, QUEENSLAND, BRISBANE."
"36008","BR 1931","ARDM","1931","ANNUAL REPORT OF THE UNDER SECRETARY FOR MINES FOR THE YEAR 1931.","DEPARTMENT OF MINES, QUEENSLAND, BRISBANE."
"36008","BR 1969","ARDM","1969","ANNUAL REPORT OF THE UNDER SECRETARY FOR MINES FOR THE YEAR 1969.","DEPARTMENT OF MINES, QUEENSLAND, BRISBANE."
"36008","BR 1973","ARDM","1973","ANNUAL REPORT OF THE UNDER SECRETARY FOR MINES FOR THE YEAR 1973.","DEPARTMENT OF MINES, QUEENSLAND, BRISBANE."
"36008","BR 1974","ARDM","1974","ANNUAL REPORT OF THE UNDER SECRETARY FOR MINES FOR THE YEAR 1974.","DEPARTMENT OF MINES, QUEENSLAND, BRISBANE."
"36008","BR 1975","ARDM","1975","ANNUAL REPORT OF THE UNDER SECRETARY FOR MINES FOR THE YEAR 1975.","DEPARTMENT OF MINES, QUEENSLAND, BRISBANE."
"36008","BR 1976","ARDM","1976","ANNUAL REPORT OF THE UNDER SECRETARY FOR MINES FOR THE YEAR 1976.","DEPARTMENT OF MINES, QUEENSLAND, BRISBANE."
"36008","BR 346","BLAKE, D.H.","1972","REGIONAL AND ECONOMIC GEOLOGY OF THE HERBERTON - MOUNT GARNET AREA, HERBERTON TINFIELD, NORTH QUEENSLAND.","BUREAU OF MINERAL RESOURCES, GEOLOGY AND GEOPHYSICS, AUSTRALIA, BULLETIN 124."
"36008","BR 8092","NORTH QUEENSLAND METALS LTD","2006","PROSPECTUS.","PROSPECTUS DATED 26 OCTOBER 2006. NORTH QUEENSLAND METALS LTD, BRISBANE."
"36008","BR 855","DASH, P.H., BARKER, R.M., MORWOOD, D.A., CULPEPER, L.G., & LAM, J.S.","1991","MINERAL OCCURRENCES - ATHERTON 1:100 000 SHEET AREA.","QUEENSLAND RESOURCE INDUSTRIES RECORD 1991/14."
"36009","BR 1905","ARDM","1905","ANNUAL REPORT OF THE UNDER SECRETARY FOR MINES FOR THE YEAR 1905.","DEPARTMENT OF MINES, QUEENSLAND, BRISBANE."
"36009","BR 1906","ARDM","1906","ANNUAL REPORT OF THE UNDER SECRETARY FOR MINES FOR THE YEAR 1906.","DEPARTMENT OF MINES, QUEENSLAND, BRISBANE."
"36009","BR 1907","ARDM","1907","ANNUAL REPORT OF THE UNDER SECRETARY FOR MINES FOR THE YEAR 1907.","DEPARTMENT OF MINES, QUEENSLAND, BRISBANE."
"36009","BR 1908","ARDM","1908","ANNUAL REPORT OF THE UNDER SECRETARY FOR MINES FOR THE YEAR 1908.","DEPARTMENT OF MINES, QUEENSLAND, BRISBANE."
"36009","BR 1909","ARDM","1909","ANNUAL REPORT OF THE UNDER SECRETARY FOR MINES FOR THE YEAR 1909.","DEPARTMENT OF MINES, QUEENSLAND, BRISBANE."
"36009","BR 1910","ARDM","1910","ANNUAL REPORT OF THE UNDER SECRETARY FOR MINES FOR THE YEAR 1910.","DEPARTMENT OF MINES, QUEENSLAND, BRISBANE."
"36009","BR 1911","ARDM","1911","ANNUAL REPORT OF THE UNDER SECRETARY FOR MINES FOR THE YEAR 1911.","DEPARTMENT OF MINES, QUEENSLAND, BRISBANE."
"36009","BR 346","BLAKE, D.H.","1972","REGIONAL AND ECONOMIC GEOLOGY OF THE HERBERTON - MOUNT GARNET AREA, HERBERTON TINFIELD, NORTH QUEENSLAND.","BUREAU OF MINERAL RESOURCES, GEOLOGY AND GEOPHYSICS, AUSTRALIA, BULLETIN 124."
"36009","BR 855","DASH, P.H., BARKER, R.M., MORWOOD, D.A., CULPEPER, L.G., & LAM, J.S.","1991","MINERAL OCCURRENCES - ATHERTON 1:100 000 SHEET AREA.","QUEENSLAND RESOURCE INDUSTRIES RECORD 1991/14."
"36010","BR 855","DASH, P.H., BARKER, R.M., MORWOOD, D.A., CULPEPER, L.G., & LAM, J.S.","1991","MINERAL OCCURRENCES - ATHERTON 1:100 000 SHEET AREA.","QUEENSLAND RESOURCE INDUSTRIES RECORD 1991/14."
"36011","BR 1514","JACK, R.L.","1883","TIN MINES OF HERBERTON, WESTERN AND THOMPSON'S CREEK DISTRICTS AND THE SILVER MINES OF THE DRY RIVER, QUEENSLAND.","GEOLOGICAL SURVEY OF QUEENSLAND, PUBLICATION 13, 29-32."
"36011","BR 1654","JENSEN, H.I.","1939","THE HERBERTON DISTRICT.","AERIAL, GEOLOGICAL AND GEOPHYSICAL SURVEY OF NORTHERN AUSTRALIA, REPORT 40.  (UNPUBLISHED)."
"36011","BR 1906","ARDM","1906","ANNUAL REPORT OF THE UNDER SECRETARY FOR MINES FOR THE YEAR 1906.","DEPARTMENT OF MINES, QUEENSLAND, BRISBANE."
"36011","BR 1910","ARDM","1910","ANNUAL REPORT OF THE UNDER SECRETARY FOR MINES FOR THE YEAR 1910.","DEPARTMENT OF MINES, QUEENSLAND, BRISBANE."
"36011","BR 1911","ARDM","1911","ANNUAL REPORT OF THE UNDER SECRETARY FOR MINES FOR THE YEAR 1911.","DEPARTMENT OF MINES, QUEENSLAND, BRISBANE."
"36011","BR 1914","ARDM","1914","ANNUAL REPORT OF THE UNDER SECRETARY FOR MINES FOR THE YEAR 1914.","DEPARTMENT OF MINES, QUEENSLAND, BRISBANE."
"36011","BR 1916","ARDM","1916","ANNUAL REPORT OF THE UNDER SECRETARY FOR MINES FOR THE YEAR 1916.","DEPARTMENT OF MINES, QUEENSLAND, BRISBANE."
"36011","BR 1919","ARDM","1919","ANNUAL REPORT OF THE UNDER SECRETARY FOR MINES FOR THE YEAR 1919.","DEPARTMENT OF MINES, QUEENSLAND, BRISBANE."
"36011","BR 1920","ARDM","1920","ANNUAL REPORT OF THE UNDER SECRETARY FOR MINES FOR THE YEAR 1920.","DEPARTMENT OF MINES, QUEENSLAND, BRISBANE."
"36011","BR 1921","ARDM","1921","ANNUAL REPORT OF THE UNDER SECRETARY FOR MINES FOR THE YEAR 1921.","DEPARTMENT OF MINES, QUEENSLAND, BRISBANE."
"36011","BR 1922","ARDM","1922","ANNUAL REPORT OF THE UNDER SECRETARY FOR MINES FOR THE YEAR 1922.","DEPARTMENT OF MINES, QUEENSLAND, BRISBANE."
"36011","BR 1923","ARDM","1923","ANNUAL REPORT OF THE UNDER SECRETARY FOR MINES FOR THE YEAR 1923.","DEPARTMENT OF MINES, QUEENSLAND, BRISBANE."
"36011","BR 1924","ARDM","1924","ANNUAL REPORT OF THE UNDER SECRETARY FOR MINES FOR THE YEAR 1924.","DEPARTMENT OF MINES, QUEENSLAND, BRISBANE."
"36011","BR 1926","ARDM","1926","ANNUAL REPORT OF THE UNDER SECRETARY FOR MINES FOR THE YEAR 1926.","DEPARTMENT OF MINES, QUEENSLAND, BRISBANE."
"36011","BR 1927","ARDM","1927","ANNUAL REPORT OF THE UNDER SECRETARY FOR MINES FOR THE YEAR 1927.","DEPARTMENT OF MINES, QUEENSLAND, BRISBANE."
"36011","BR 1929","ARDM","1929","ANNUAL REPORT OF THE UNDER SECRETARY FOR MINES FOR THE YEAR 1929.","DEPARTMENT OF MINES, QUEENSLAND, BRISBANE."
"36011","BR 1931","ARDM","1931","ANNUAL REPORT OF THE UNDER SECRETARY FOR MINES FOR THE YEAR 1931.","DEPARTMENT OF MINES, QUEENSLAND, BRISBANE."
"36011","BR 1932","ARDM","1932","ANNUAL REPORT OF THE UNDER SECRETARY FOR MINES FOR THE YEAR 1932.","DEPARTMENT OF MINES, QUEENSLAND, BRISBANE."
