"SITE_NO","NAME","LAT94","long94","MGA_ZONE","EASTING94","NORTHING94","Deposit Size","General Deposit Model","COMMENTS","REFERENCE"
"0","WALKERS","-24.9582833333333333","152.201111111111111","56","419355","7239425","SMALL","SEDIMENT-HOSTED DEPOSIT",""," "
"13723","HURLEY'S 2","-22.6976250000000000","147.499655555555555","55","551320","7489857","VERY SMALL","ALLUVIAL PLACER",""," "
"13724","HURLEY'S","-22.6966111111111111","147.500275000000000","55","551384","7489969","VERY SMALL","ALLUVIAL PLACER",""," "
"13895","RIP & TEAR  LEAD","-22.7178833333333333","147.494383333333333","55","550771","7487617","VERY SMALL","ALLUVIAL PLACER",""," "
"13912","VENUS LEAD","-22.7403111111111111","147.515794444444444","55","552961","7485126","VERY SMALL","ALLUVIAL PLACER",""," "
"13915","BLACKSMITH'S GULLY LEAD","-22.7300972222222222","147.512200000000000","55","552596","7486258","VERY SMALL","ALLUVIAL PLACER",""," "
"13996","UNNAMED 610767","-22.8144388888888888","147.596111111111111","55","561175","7476889","VERY SMALL","ALLUVIAL PLACER",""," "
"25560","UNNAMED 586960","-22.6399194444444444","147.572116666666666","55","558787","7496218","VERY SMALL","ALLUVIAL PLACER",""," "
"29292","UNNAMED 307629","-20.2262138888888888","146.338972222222222","55","430951","7763340","VERY SMALL","MESOTHERMAL VEINS/PIPE/STOCKWORK",""," "
"36001","MIAMBA","-29.0131722222222222","151.317219444444444","56","336105","6789376","SMALL","SEDIMENT-HOSTED DEPOSIT",""," "
"36002","PINNACLE","-29.0095361111111111","151.357488888888888","56","340022","6789834","SMALL","SEDIMENT-HOSTED DEPOSIT",""," "
"36003","RIVERTON","-29.0222527777777777","151.473130555555555","56","351305","6788576","LARGE","SEDIMENT-HOSTED DEPOSIT",""," "
"36004","UNNAMED 353902","-29.0040611111111111","151.310180555555555","56","335405","6790376","VERY SMALL","HYDROTHERMAL VEINS/PIPE/STOCKWORK","Zone of low temperature hydrothermal alteration (CR 17856).","ERMS 17856"
"36005","A1 LINE?","-17.4421555555555555","145.052061111111111","55","293114","8070469","VERY SMALL","HYDROTHERMAL VEINS/PIPE/STOCKWORK","Magmatic hydrothermal, related to post-tectonic granites (PHD/DAM).","ERMS 17856"
"36006","ADA HARROD","-17.4082111111111111","145.345116666666666","55","324214","8074519","VERY SMALL","INTRUSIVE-RELATED (PORPHYRY-RELATED)","Magmatic hydrothermal, related to post-tectonic granites (RMB/DAM).","ERMS 17856"
"36007","ADMIRAL","-17.3239583333333333","145.265908333333333","55","315714","8083769","VERY SMALL","INTRUSIVE-RELATED (PORPHYRY-RELATED)","Magmatic hydrothermal, related to post-tectonic granites (PHD/DAM).","ERMS 17856"
"36008","ADVENTURE","-17.4425277777777777","145.147688888888888","55","303274","8070529","MEDIUM","INTRUSIVE-RELATED (PORPHYRY-RELATED)"," Magmatic hydrothermal, related to post-tectonic granites (PHD/DAM).","ERMS 17856"
"36009","AGNES","-17.4484555555555555","145.193191666666666","55","308114","8069919","VERY SMALL","INTRUSIVE-RELATED (PORPHYRY-RELATED)","Magmatic hydrothermal, related to post-tectonic granites (LGC/PDG).","ERMS 17856"
"36010","AGNES EXTENDED NO. 1","-17.4360388888888888","145.130247222222222","55","301414","8071229","VERY SMALL","INTRUSIVE-RELATED (PORPHYRY-RELATED)","Magmatic hydrothermal, related to post-tectonic granites (PHD).","ERMS 17856"
"36011","AGNES","-17.4653638888888888","145.265516666666666","55","315814","8068119","VERY SMALL","HYDROTHERMAL VEINS/PIPE/STOCKWORK",""," "
"36012","AJAX STAR","-17.3958333333333333","145.323394444444444","55","321894","8075869","VERY SMALL","INTRUSIVE-RELATED (PORPHYRY-RELATED)","Magmatic hydrothermal, related to post-tectonic granites (RMB/DAM).","ERMS 17856"
"36013","ALBION","-17.4305111111111111","145.138211111111111","55","302254","8071849","VERY SMALL","EPITHERMAL VEINS/PIPE/STOCKWORK",""," "
"36014","ALEXANDER","-17.4256555555555555","145.219769444444444","55","310914","8072469","VERY SMALL","INTRUSIVE-RELATED (PORPHYRY-RELATED)","Magmatic hydrothermal, related to post-tectonic granites (DAM).","ERMS 17856"
"36015","ALEXANDRA","-17.4290416666666666","145.245152777777777","55","313614","8072119","VERY SMALL","INTRUSIVE-RELATED (PORPHYRY-RELATED)","Magmatic hydrothermal, related to post-tectonic granites (LGC/DAM).","ERMS 17856"
"36016","ALEXANDRIA","-17.4139111111111111","145.219883333333333","55","310914","8073769","VERY SMALL","INTRUSIVE-RELATED (PORPHYRY-RELATED)","Magmatic hydrothermal, related to post-tectonic granites (LGC/DAM).","ERMS 17856"
"36017","ALF ROSE","-17.4975500000000000","145.226605555555555","55","311714","8064519","VERY SMALL","INTRUSIVE-RELATED (PORPHYRY-RELATED)","Magmatic hydrothermal, related to post-tectonic granites (JSL/PEB).","ERMS 17856"
"36018","ALICE HARROD","-17.4087111111111111","145.339841666666666","55","323654","8074459","VERY SMALL","INTRUSIVE-RELATED (PORPHYRY-RELATED)","Magmatic hydrothermal, related to post-tectonic granites (RMB/DAM).","ERMS 17856"
"36019","ALICE HARROD EXTD. SOUTH","-17.4087944444444444","145.338900000000000","55","323554","8074449","VERY SMALL","INTRUSIVE-RELATED (PORPHYRY-RELATED)","Magmatic hydrothermal, related to post-tectonic granites (RMB/DAM).","ERMS 17856"
"36020","ALICE HARROD EXTENDED EAST","-17.4074611111111111","145.341736111111111","55","323854","8074599","VERY SMALL","INTRUSIVE-RELATED (PORPHYRY-RELATED)","Magmatic hydrothermal, related to post-tectonic granites (RMB/DAM).","ERMS 17856"
"36021","ALL NATIONS","-17.3817555555555555","145.369352777777777","55","326764","8077469","VERY SMALL","INTRUSIVE-RELATED (PORPHYRY-RELATED)","Magmatic hydrothermal, related to post-tectonic granites (RMB/DAM).","ERMS 17856"
"36022","ALL NATIONS?","-17.3940333333333333","145.220077777777777","55","310914","8075969","VERY SMALL","INTRUSIVE-RELATED (PORPHYRY-RELATED)","Magmatic hydrothermal, related to post-tectonic granites (DAM).","ERMS 17856"
"36023","ALLIGATOR NO.2","-17.1205611111111111","145.057319444444444","55","293314","8106070","VERY SMALL","INTRUSIVE-RELATED (PORPHYRY-RELATED)",""," "
"36024","AMERICA?","-17.3679277777777777","145.380297222222222","55","327914","8079009","VERY SMALL","INTRUSIVE-RELATED (PORPHYRY-RELATED)",""," "
"36025","AMY","-17.3396138888888888","145.258422222222222","55","314934","8082029","VERY SMALL","INTRUSIVE-RELATED (PORPHYRY-RELATED)","Magmatic hydrothermal, related to post-tectonic granites (PHD/DAM).","ERMS 17856"
"36026","ANGLO SAXON","-17.4585638888888888","145.262755555555555","55","315514","8068869","VERY SMALL","HYDROTHERMAL VEINS/PIPE/STOCKWORK",""," "
"36027","ANNA PARNELL","-17.3903583333333333","145.317044444444444","55","321214","8076469","VERY SMALL","INTRUSIVE-RELATED (PORPHYRY-RELATED)","Magmatic hydrothermal, related to post-tectonic granites (RMB/DAM).","ERMS 17856"
"36028","ANNIVERSARY","-17.3784250000000000","145.371075000000000","55","326944","8077839","VERY SMALL","INTRUSIVE-RELATED (PORPHYRY-RELATED)",""," "
"36029","ANTI-SOCIALIST","-17.4241750000000000","145.363327777777777","55","326164","8072769","VERY SMALL","INTRUSIVE-RELATED (PORPHYRY-RELATED)","Magmatic hydrothermal, related to post-tectonic granites (RMB/DAM).","ERMS 17856"
"36030","ANTIMONY REWARD","-17.4106527777777777","145.064158333333333","55","294364","8073969","MEDIUM","INTRUSIVE-RELATED (PORPHYRY-RELATED)","Epigenetic.(CR14793).","ERMS 14793"
"36031","ANYTHING","-17.4243861111111111","145.280963888888888","55","317414","8072669","VERY SMALL","INTRUSIVE-RELATED (PORPHYRY-RELATED)","Magmatic hydrothermal, related to post-tectonic granites (RMB/DAM).","ERMS 14793"
"36032","ANZAC","-17.4561944444444444","145.169863888888888","55","305644","8069039","VERY SMALL","INTRUSIVE-RELATED (PORPHYRY-RELATED)","Magmatic hydrothermal, related to post-tectonic granites (PHD).","ERMS 14793"
"36033","APOLLO?","-17.3824416666666666","145.375933333333333","55","327464","8077399","VERY SMALL","INTRUSIVE-RELATED (PORPHYRY-RELATED)","Magmatic hydrothermal, related to post-tectonic granites (RMB/DAM).","ERMS 14793"
"36034","ARBOUIN","-17.3248444444444444","145.264019444444444","55","315514","8083669","VERY SMALL","INTRUSIVE-RELATED (PORPHYRY-RELATED)","Magmatic hydrothermal, related to post-tectonic granites (PHD/DAM).","ERMS 14793"
"36035","ARCHER","-17.3822888888888888","145.368405555555555","55","326664","8077409","VERY SMALL","INTRUSIVE-RELATED (PORPHYRY-RELATED)","Magmatic hydrothermal, related to post-tectonic granites (RMB/DAM).","ERMS 14793"
"36036","ARGYLL","-17.3930805555555555","145.318619444444444","55","321384","8076169","VERY SMALL","INTRUSIVE-RELATED (PORPHYRY-RELATED)","Magmatic hydrothermal, related to post-tectonic granites (RMB/DAM).","ERMS 14793"
"36037","AUSTRALIAN","-17.3858583333333333","145.308616666666666","55","320314","8076959","VERY SMALL","INTRUSIVE-RELATED (PORPHYRY-RELATED)","Magmatic hydrothermal, related to post-tectonic granites (RMB/DAM).","ERMS 14793"
"36038","AVENGER?","-17.4432333333333333","145.069933333333333","55","295014","8070369","VERY SMALL","INTRUSIVE-RELATED (PORPHYRY-RELATED)","Magmatic hydrothermal, related to post-tectonic granites (DAM/PHD).","ERMS 14793"
"36040","BAKER CREEK","-17.3790222222222222","145.259744444444444","55","315114","8077669","VERY SMALL","ALLUVIAL PLACER",""," "
"36041","BAKERS","-17.3680888888888888","145.249497222222222","55","314014","8078869","VERY SMALL","INTRUSIVE-RELATED (PORPHYRY-RELATED)","Magmatic hydrothermal, related to post-tectonic granites (PHD/DAM).","ERMS 14793"
"36043","BATTERY","-17.4542500000000000","145.286333333333333","55","318014","8069369","VERY SMALL","HYDROTHERMAL VEINS/PIPE/STOCKWORK",""," "
"36044","BAY SHORE","-17.3573305555555555","145.259008333333333","55","315014","8080069","VERY SMALL","INTRUSIVE-RELATED (PORPHYRY-RELATED)","Magmatic hydrothermal, related to post-tectonic granites (PHD/DAM).","ERMS 14793"
"36045","BEAUTY","-17.4394000000000000","145.047383333333333","55","292614","8070769","VERY SMALL","INTRUSIVE-RELATED (PORPHYRY-RELATED)","Magmatic hydrothermal, related to post-tectonic granites (PHD/DAM).","ERMS 14793"
"36046","BEDLOG CREEK","-17.3963027777777777","145.171119444444444","55","305714","8075669","VERY SMALL","ALLUVIAL PLACER",""," "
"36047","BEETLE","-17.4293611111111111","145.230088888888888","55","312014","8072069","VERY SMALL","INTRUSIVE-RELATED (PORPHYRY-RELATED)","Magmatic hydrothermal, related to post-tectonic granites (LGC/DAM).","ERMS 14793"
"36048","BELFAST","-17.4946666666666666","145.237930555555555","55","312914","8064849","VERY SMALL","INTRUSIVE-RELATED (PORPHYRY-RELATED)","Magmatic hydrothermal, related to post-tectonic granites (PHD).","ERMS 14793"
"36049","BELFAST HILL","-17.0277055555555555","145.228275000000000","55","311414","8116520","SMALL","MESOTHERMAL VEINS/PIPE/STOCKWORK","Mineralisation is localised in structural zones which are considered to be hydrothermal feeders for chlorite or thiosulphate-bearing fluids, high in an epithermal system(Mock and others, 1988).","BR 2098"
"36050","BELGIUM","-17.4521138888888888","145.197861111111111","55","308614","8069519","VERY SMALL","INTRUSIVE-RELATED (PORPHYRY-RELATED)","Magmatic hydrothermal, related to post-tectonic granites (DAM)."," "
"36051","BELLA VENETIA","-17.4272694444444444","145.248933333333333","55","314014","8072319","VERY SMALL","INTRUSIVE-RELATED (PORPHYRY-RELATED)","Magmatic hydrothermal, related to post-tectonic granites (LGC/DAM)."," "
"36052","BEN LOMOND","-17.3881638888888888","145.314241666666666","55","320914","8076709","VERY SMALL","INTRUSIVE-RELATED (PORPHYRY-RELATED)","Magmatic hydrothermal, related to post-tectonic granites (RMB/DAM)."," "
"36053","BENNETT'S GIFT","-17.1742611111111111","145.005066666666666","55","287814","8100069","VERY SMALL","INTRUSIVE-RELATED (PORPHYRY-RELATED)",""," "
"36054","BERLIN","-17.4421666666666666","145.053000000000000","55","293214","8070469","VERY SMALL","INTRUSIVE-RELATED (PORPHYRY-RELATED)","Magmatic hydrothermal, related to post-tectonic granites (PHD/DAM)."," "
"36055","BESSIE","-17.3884027777777777","145.321013888888888","55","321634","8076689","VERY SMALL","INTRUSIVE-RELATED (PORPHYRY-RELATED)","Magmatic hydrothermal, related to post-tectonic granites (RMB/DAM)."," "
"36056","BETTER LUCK","-17.4779861111111111","145.020611111111111","55","289814","8066469","VERY SMALL","INTRUSIVE-RELATED (PORPHYRY-RELATED)","Magmatic hydrothermal, related to post-tectonic granites (PHD/DAM)."," "
"36057","BETTER LUCK","-17.4501305555555555","145.035972222222222","55","291414","8069569","VERY SMALL","INTRUSIVE-RELATED (PORPHYRY-RELATED)","Magmatic hydrothermal, related to post-tectonic granites (PHD/DAM)."," "
"36058","BIG BEN","-17.3858222222222222","145.369316666666666","55","326764","8077019","VERY SMALL","INTRUSIVE-RELATED (PORPHYRY-RELATED)","Magmatic hydrothermal, related to post-tectonic granites (RMB/DAM)."," "
"36059","BIG CHANCE","-17.3838888888888888","145.321525000000000","55","321684","8077189","VERY SMALL","HYDROTHERMAL VEINS/PIPE/STOCKWORK",""," "
"36060","BIG GOSSAN","-17.3671222222222222","145.381055555555555","55","327994","8079099","VERY SMALL","INTRUSIVE-RELATED (PORPHYRY-RELATED)",""," "
"36061","BILLIE LEWIS","-17.3891222222222222","145.320630555555555","55","321594","8076609","VERY SMALL","INTRUSIVE-RELATED (PORPHYRY-RELATED)","Magmatic hydrothermal, related to post-tectonic granites (RMB/DAM)."," "
"36062","BILLINGS","-17.4508555555555555","145.018080555555555","55","289514","8069469","VERY SMALL","INTRUSIVE-RELATED (PORPHYRY-RELATED)",""," "
"36063","BISMARCK","-17.3866833333333333","145.310019444444444","55","320464","8076869","VERY SMALL","INTRUSIVE-RELATED (PORPHYRY-RELATED)","Magmatic hydrothermal, related to post-tectonic granites (RMB/DAM)."," "
"36064","BLACK CHIEF","-17.3873527777777777","145.379841666666666","55","327884","8076859","VERY SMALL","INTRUSIVE-RELATED (PORPHYRY-RELATED)","Magmatic hydrothermal, related to post-tectonic granites (RMB/DAM)."," "
"36065","BLACK DIAMOND","-17.4842888888888888","145.018661111111111","55","289614","8065769","VERY SMALL","INTRUSIVE-RELATED (PORPHYRY-RELATED)","Magmatic hydrothermal, related to post-tectonic granites (PHD/DAM)."," "
"36066","BLACK DIAMOND?","-17.3894083333333333","145.365802777777777","55","326394","8076619","VERY SMALL","INTRUSIVE-RELATED (PORPHYRY-RELATED)","Magmatic hydrothermal, related to post-tectonic granites (RMB/DAM)."," "
"36067","BLACK DOG","-17.3871138888888888","145.307663888888888","55","320214","8076819","VERY SMALL","INTRUSIVE-RELATED (PORPHYRY-RELATED)","Magmatic hydrothermal, related to post-tectonic granites (RMB/DAM)."," "
"36068","BLACK PRINCE","-17.1610888888888888","145.139602777777777","55","302114","8101670","VERY SMALL","INTRUSIVE-RELATED (PORPHYRY-RELATED)",""," "
"36069","BLACK SPARKLE","-17.4698916666666666","145.215575000000000","55","310514","8067569","SMALL","INTRUSIVE-RELATED (PORPHYRY-RELATED)","Magmatic hydrothermal, related to post-tectonic granites (LGC/DAM)."," "
"36070","BLOODWOOD","-17.4407416666666666","145.092550000000000","55","297414","8070669","VERY SMALL","INTRUSIVE-RELATED (PORPHYRY-RELATED)","Magmatic hydrothermal, related to post-tectonic granites (PHD/DAM)."," "
"36071","BLUE JACKET","-17.3656777777777777","145.381444444444444","55","328034","8079259","VERY SMALL","INTRUSIVE-RELATED (PORPHYRY-RELATED)",""," "
"36072","BLUFF","-17.4122750000000000","145.239194444444444","55","312964","8073969","VERY SMALL","INTRUSIVE-RELATED (PORPHYRY-RELATED)","Magmatic hydrothermal, related to post-tectonic granites (LGC/DAM)."," "
"36073","BLUTCHER","-17.3653833333333333","145.378247222222222","55","327694","8079289","VERY SMALL","INTRUSIVE-RELATED (PORPHYRY-RELATED)","Magmatic hydrothermal, related to post-tectonic granites (RMB/DAM)."," "
"36074","BOB'S POCKET","-17.1149416666666666","145.233088888888888","55","312014","8106870","VERY SMALL","ALLUVIAL PLACER",""," "
"36075","BONANZA","-17.3579611111111111","145.258813888888888","55","314994","8079999","VERY SMALL","INTRUSIVE-RELATED (PORPHYRY-RELATED)","Magmatic hydrothermal, related to post-tectonic granites (PHD/DAM)."," "
"36076","BONES","-17.4206861111111111","145.169933333333333","55","305614","8072969","VERY SMALL","INTRUSIVE-RELATED (PORPHYRY-RELATED)","Magmatic hydrothermal, related to post-tectonic granites (PHD)."," "
"36077","BONNIE DUNDEE","-17.4474000000000000","145.034119444444444","55","291214","8069869","VERY SMALL","INTRUSIVE-RELATED (PORPHYRY-RELATED)","Magmatic hydrothermal, related to post-tectonic granites (PHD/DAM)."," "
"36078","BONTABA","-17.1290805555555555","145.271336111111111","55","316098","8105342","VERY SMALL","MESOTHERMAL VEINS/PIPE/STOCKWORK",""," "
"36079","BOOMER","-17.3987722222222222","145.318286111111111","55","321354","8075539","VERY SMALL","INTRUSIVE-RELATED (PORPHYRY-RELATED)","Magmatic hydrothermal, related to post-tectonic granites (RMB/DAM)."," "
"36080","BOOMER","-17.3953888888888888","145.379113888888888","55","327814","8075969","VERY SMALL","INTRUSIVE-RELATED (PORPHYRY-RELATED)","Magmatic hydrothermal, related to post-tectonic granites (DAM/PHD)."," "
"36081","BOOMERANG","-17.4430527777777777","145.195127777777777","55","308314","8070519","VERY SMALL","INTRUSIVE-RELATED (PORPHYRY-RELATED)","Magmatic hydrothermal, related to post-tectonic granites (LGC/DAM)."," "
"36082","BOONMOO BONANZA","-17.3265305555555555","145.054225000000000","55","293214","8083269","VERY SMALL","EPITHERMAL VEINS/PIPE/STOCKWORK",""," "
"36083","BOONMOO PINNACLE","-17.2370750000000000","145.053283333333333","55","293014","8093169","VERY SMALL","INTRUSIVE-RELATED (PORPHYRY-RELATED)","Magmatic hydrothermal, related to post-tectonic granites (PHD/DAM)."," "
"36084","BOOTPOLISH","-17.3744055555555555","145.227983333333333","55","311734","8078149","VERY SMALL","INTRUSIVE-RELATED (PORPHYRY-RELATED)","Magmatic hydrothermal, related to post-tectonic granites (PHD)."," "
"36085","BOSCA","-17.3787638888888888","145.379258333333333","55","327814","8077809","VERY SMALL","INTRUSIVE-RELATED (PORPHYRY-RELATED)","Magmatic hydrothermal, related to post-tectonic granites (DAM)."," "
"36086","BOUNDARY","-17.3899388888888888","145.310272222222222","55","320494","8076509","VERY SMALL","INTRUSIVE-RELATED (PORPHYRY-RELATED)","Magmatic hydrothermal, related to post-tectonic granites (RMB/DAM)."," "
"36087","BRADLAUGH CREEK","-17.4002027777777777","145.415777777777777","55","331714","8075469","VERY SMALL","ALLUVIAL PLACER",""," "
"36088","BRADLAUGH DEEP LEAD","-17.3920111111111111","145.408319444444444","55","330914","8076369","VERY SMALL","ALLUVIAL PLACER",""," "
"36089","BRASS BOTTLE","-17.3698333333333333","145.211655555555555","55","309994","8078639","VERY SMALL","INTRUSIVE-RELATED (PORPHYRY-RELATED)","Magmatic hydrothermal, related to post-tectonic granites (PHD/DAM)."," "
"36090","BRILLIANT","-17.3735777777777777","145.342041666666666","55","323854","8078349","VERY SMALL","INTRUSIVE-RELATED (PORPHYRY-RELATED)","Magmatic hydrothermal, related to post-tectonic granites (RMB/DAM)."," "
"36091","BRISBANE","-17.4443222222222222","145.089216666666666","55","297064","8070269","VERY SMALL","INTRUSIVE-RELATED (PORPHYRY-RELATED)",""," "
"36092","BROKEN MIRROR","-17.3915083333333333","145.314211111111111","55","320914","8076339","VERY SMALL","INTRUSIVE-RELATED (PORPHYRY-RELATED)","Magmatic hydrothermal, related to post-tectonic granites (RMB/DAM)."," "
"36093","BROWN BEAUTY","-17.3676472222222222","145.250441666666666","55","314114","8078919","VERY SMALL","INTRUSIVE-RELATED (PORPHYRY-RELATED)","Magmatic hydrothermal, related to post-tectonic granites (PHD/DAM)."," "
