"SITE_NO","Mine Name","LAT94","long94","MGA_ZONE","EASTING94","NORTHING94","Host Rock 1","Host Rock 2","Host Rock 3"
"36069","BLACK SPARKLE","-17.4698916666666666","145.215575000000000","55","310514","8067569","Hodgkinson Formation/am; EARLY DEVONIAN; ARENITE","; ; ","; ; "
"36070","BLOODWOOD","-17.4407416666666666","145.092550000000000","55","297414","8070669","Hodgkinson Formation; EARLY DEVONIAN; ARENITE","; ; ","; ; "
"36071","BLUE JACKET","-17.3656777777777777","145.381444444444444","55","328034","8079259","Hodgkinson Formation; EARLY DEVONIAN; ARENITE","; ; ","; ; "
"36072","BLUFF","-17.4122750000000000","145.239194444444444","55","312964","8073969","Hodgkinson Formation; EARLY DEVONIAN; ARGILLITE","; ; ","; ; "
"36073","BLUTCHER","-17.3653833333333333","145.378247222222222","55","327694","8079289","Hodgkinson Formation; EARLY DEVONIAN; ARENITE","; ; ","; ; "
"36074","BOB'S POCKET","-17.1149416666666666","145.233088888888888","55","312014","8106870","Qa-QLD; QUATERNARY; ALLUVIUM","; ; ","; ; "
"36075","BONANZA","-17.3579611111111111","145.258813888888888","55","314994","8079999","Lass O'Gowrie Granite; LATE CARBONIFEROUS; GRANITE","; ; ","; ; "
"36076","BONES","-17.4206861111111111","145.169933333333333","55","305614","8072969","Hodgkinson Formation; EARLY DEVONIAN; ARENITE","; ; ","; ; "
"36077","BONNIE DUNDEE","-17.4474000000000000","145.034119444444444","55","291214","8069869","Hodgkinson Formation; EARLY DEVONIAN; ARENITE","; ; ","; ; "
"36078","BONTABA","-17.1290805555555555","145.271336111111111","55","316098","8105342","Hodgkinson Formation; EARLY DEVONIAN; GREYWACKE","; ; ","; ; "
"36079","BOOMER","-17.3987722222222222","145.318286111111111","55","321354","8075539","Jumna Granite; LATE CARBONIFEROUS; GRANITE","; ; ","; ; "
"36080","BOOMER","-17.3953888888888888","145.379113888888888","55","327814","8075969","Saint Patricks Hill Granite; LATE CARBONIFEROUS; GRANITE","; ; ","; ; "
"36081","BOOMERANG","-17.4430527777777777","145.195127777777777","55","308314","8070519","Hodgkinson Formation; EARLY DEVONIAN; ARENITE","; ; ","; ; "
"36082","BOONMOO BONANZA","-17.3265305555555555","145.054225000000000","55","293214","8083269","Featherbed Volcanic Group; LATE CARBONIFEROUS; MICROGRANITE","; ; ","; ; "
"36083","BOONMOO PINNACLE","-17.2370750000000000","145.053283333333333","55","293014","8093169","Featherbed Volcanic Group; LATE CARBONIFEROUS; IGNIMBRITE","; ; ","; ; "
"36084","BOOTPOLISH","-17.3744055555555555","145.227983333333333","55","311734","8078149","Hodgkinson Formation; EARLY DEVONIAN; ARENITE","; ; ","; ; "
"36085","BOSCA","-17.3787638888888888","145.379258333333333","55","327814","8077809","Saint Patricks Hill Granite; LATE CARBONIFEROUS; GRANITE","; ; ","; ; "
"36086","BOUNDARY","-17.3899388888888888","145.310272222222222","55","320494","8076509","Jumna Granite; LATE CARBONIFEROUS; DYKE","; ; ","; ; "
"36087","BRADLAUGH CREEK","-17.4002027777777777","145.415777777777777","55","331714","8075469","Qa-QLD; QUATERNARY; ALLUVIUM","; ; ","; ; "
"36088","BRADLAUGH DEEP LEAD","-17.3920111111111111","145.408319444444444","55","330914","8076369","Qa-QLD; QUATERNARY; ALLUVIUM","; ; ","; ; "
"36089","BRASS BOTTLE","-17.3698333333333333","145.211655555555555","55","309994","8078639","Hodgkinson Formation; EARLY DEVONIAN; ARGILLITE","; ; ","; ; "
"36090","BRILLIANT","-17.3735777777777777","145.342041666666666","55","323854","8078349","Slaughter Yard Creek Volcanics; EARLY PERMIAN; VOLCANIC ROCK","; ; ","; ; "
"36091","BRISBANE","-17.4443222222222222","145.089216666666666","55","297064","8070269","Hodgkinson Formation; EARLY DEVONIAN; ARENITE","; ; ","; ; "
"36092","BROKEN MIRROR","-17.3915083333333333","145.314211111111111","55","320914","8076339","Jumna Granite; LATE CARBONIFEROUS; GRANITE","; ; ","; ; "
"36093","BROWN BEAUTY","-17.3676472222222222","145.250441666666666","55","314114","8078919","Hodgkinson Formation; EARLY DEVONIAN; SEDIMENTARY ROCK","; ; ","; ; "
"36094","BROWN SNAKE","-17.4382250000000000","145.210705555555555","55","309964","8071069","Hodgkinson Formation; EARLY DEVONIAN; ARGILLITE","; ; ","; ; "
"36095","BROWN SNAKE","-17.4371555555555555","145.003169444444444","55","287914","8070969","Hodgkinson Formation; EARLY DEVONIAN; SEDIMENTARY ROCK","; ; ","; ; "
"36096","BRUCE","-17.4399361111111111","145.160516666666666","55","304634","8070829","Hodgkinson Formation; EARLY DEVONIAN; ARENITE","; ; ","; ; "
"36097","BULLDOG","-17.4075361111111111","145.214300000000000","55","310314","8074469","Hodgkinson Formation; EARLY DEVONIAN; ARGILLITE","; ; ","; ; "
"36098","BULLDOG","-17.4250055555555555","145.248486111111111","55","313964","8072569","Hodgkinson Formation; EARLY DEVONIAN; ARGILLITE","; ; ","; ; "
"36099","BUNDYS","-17.4270277777777777","145.221638888888888","55","311114","8072319","Hodgkinson Formation; EARLY DEVONIAN; SEDIMENTARY ROCK","; ; ","; ; "
"36100","BUTTERBOX","-17.3868055555555555","145.368177777777777","55","326644","8076909","Saint Patricks Hill Granite; LATE CARBONIFEROUS; GRANITE","; ; ","; ; "
"36101","C.C.C.","-17.4437777777777777","145.033216666666666","55","291114","8070269","Hodgkinson Formation; EARLY DEVONIAN; ARENITE","; ; ","; ; "
"36102","CALEDONIA","-17.3851388888888888","145.309000000000000","55","320354","8077039","Jumna Granite; LATE CARBONIFEROUS; GRANITE","; ; ","; ; "
"36103","CALEDONIA","-17.3848750000000000","145.309847222222222","55","320444","8077069","Jumna Granite; LATE CARBONIFEROUS; GRANITE","; ; ","; ; "
"36104","CALLAO","-17.3598583333333333","145.238286111111111","55","312814","8079769","Hodgkinson Formation; EARLY DEVONIAN; ARENITE","; ; ","; ; "
"36105","CANADIAN","-17.4878555555555555","145.013913888888888","55","289114","8065369","Emuford Granite; LATE CARBONIFEROUS; GRANITE","; ; ","; ; "
"36106","CAPTAIN","-17.3615611111111111","145.386375000000000","55","328554","8079719","Hodgkinson Formation; EARLY DEVONIAN; ARENITE","; ; ","; ; "
"36107","CAPTAIN EXTENDED","-17.3629305555555555","145.387866666666666","55","328714","8079569","Saint Patricks Hill Granite; LATE CARBONIFEROUS; GRANITE","; ; ","; ; "
"36109","UNNAMED 982947","-17.2217416666666666","145.103272222222222","55","298314","8094919","Hodgkinson Formation; EARLY DEVONIAN; ARGILLITE","; ; ","; ; "
"36110","CARBONATE CREEK COPPER WORKINGS","-17.2240083333333333","145.104188888888888","55","298414","8094669","Featherbed Volcanic Group; LATE CARBONIFEROUS; GRANITE","; ; ","; ; "
"36111","UNNAMED 986944","-17.2249388888888888","145.107000000000000","55","298714","8094569","Featherbed Volcanic Group; LATE CARBONIFEROUS; GRANITE","; ; ","; ; "
"36112","UNNAMED 988944","-17.2249555555555555","145.108880555555555","55","298914","8094569","Featherbed Volcanic Group; LATE CARBONIFEROUS; GRANITE","; ; ","; ; "
"36113","UNNAMED 989943","-17.2258666666666666","145.109811111111111","55","299014","8094469","Hodgkinson Formation; EARLY DEVONIAN; GRANITE","; ; ","; ; "
"36114","CASSOWARY CREEK DEEP LEAD","-17.4393944444444444","145.336250000000000","55","323302","8071060","Qa-QLD; QUATERNARY; ALLUVIUM","; ; ","; ; "
"36115","CAVE","-17.4481166666666666","145.015286111111111","55","289214","8069769","Billings Granite; LATE CARBONIFEROUS; GRANITE","Giblets Granite; LATE CARBONIFEROUS; GRANITE","; ; "
"36116","CENTIPEDE","-17.4444444444444444","145.249711111111111","55","314114","8070419","Hodgkinson Formation; EARLY DEVONIAN; ARENITE","; ; ","; ; "
"36117","CHAMPION","-17.4424055555555555","145.134702777777777","55","301894","8070529","Hodgkinson Formation; EARLY DEVONIAN; ARENITE","; ; ","; ; "
"36118","CHANCE","-17.4229277777777777","145.217913888888888","55","310714","8072769","Hodgkinson Formation; EARLY DEVONIAN; ARENITE","; ; ","; ; "
"36119","CHANCE","-17.4342888888888888","145.225333333333333","55","311514","8071519","Hodgkinson Formation; EARLY DEVONIAN; ARGILLITE","; ; ","; ; "
"36120","CHANCE EXTENDED","-17.3882277777777777","145.321769444444444","55","321714","8076709","Jumna Granite; LATE CARBONIFEROUS; GRANITE","; ; ","; ; "
"36121","CHINAMAN CREEK","-17.3915194444444444","145.187588888888888","55","307459","8076215","Qa-QLD; QUATERNARY; ALLUVIUM","; ; ","; ; "
"36122","CHRISTMAS GIFT","-17.4453388888888888","145.248761111111111","55","314014","8070319","Hodgkinson Formation; EARLY DEVONIAN; ARENITE","; ; ","; ; "
"36123","CIGARETTE","-17.4825472222222222","145.025269444444444","55","290314","8065969","Emuford Granite; LATE CARBONIFEROUS; GRANITE","; ; ","; ; "
"36124","CLARENCE","-17.3829305555555555","145.369341666666666","55","326764","8077339","Saint Patricks Hill Granite; LATE CARBONIFEROUS; GRANITE","; ; ","; ; "
"36125","CLINTON","-17.3571416666666666","145.237369444444444","55","312714","8080069","Hodgkinson Formation; EARLY DEVONIAN; ARENITE","; ; ","; ; "
"36126","CLYDE","-17.3858027777777777","145.378069444444444","55","327694","8077029","Saint Patricks Hill Granite; LATE CARBONIFEROUS; GRANITE","; ; ","; ; "
"36127","COBBY","-17.4259333333333333","145.251300000000000","55","314264","8072469","Hodgkinson Formation; EARLY DEVONIAN; ARGILLITE","; ; ","; ; "
"36128","COCKO THE NORTH","-17.3881138888888888","145.318947222222222","55","321414","8076719","Jumna Granite; LATE CARBONIFEROUS; GRANITE","; ; ","; ; "
"36129","COLORADO","-17.4524416666666666","145.286350000000000","55","318014","8069569","Hodgkinson Formation; EARLY DEVONIAN; ARENITE","; ; ","; ; "
"36130","COLUMBIA","-17.4091555555555555","145.193577777777777","55","308114","8074269","Hodgkinson Formation; EARLY DEVONIAN; SEDIMENTARY ROCK","; ; ","; ; "
"36131","COMBINATION E?","-17.4213333333333333","145.047575000000000","55","292614","8072769","Hodgkinson Formation; EARLY DEVONIAN; ARENITE","; ; ","; ; "
"36132","COMBINATION","-17.4230861111111111","145.042286111111111","55","292054","8072569","Hodgkinson Formation; EARLY DEVONIAN; SEDIMENTARY ROCK","; ; ","; ; "
"36133","COMENO","-17.4234361111111111","145.125669444444444","55","300914","8072619","Hodgkinson Formation; EARLY DEVONIAN; ARENITE","; ; ","; ; "
"36134","COMET","-17.4120388888888888","145.212844444444444","55","310164","8073969","Hodgkinson Formation; EARLY DEVONIAN; SILTSTONE","; ; ","; ; "
"36135","CON GOO","-17.4241444444444444","145.253200000000000","55","314464","8072669","Hodgkinson Formation; EARLY DEVONIAN; ARGILLITE","; ; ","; ; "
"36136","CONFEDERATION","-17.3756916666666666","145.335433333333333","55","323154","8078109","Hodgkinson Formation; EARLY DEVONIAN; SEDIMENTARY ROCK","; ; ","; ; "
"36137","CONSOLATION","-17.3751305555555555","145.333180555555555","55","322914","8078169","Hodgkinson Formation; EARLY DEVONIAN; ARENITE","; ; ","; ; "
"36138","CONSOLIDATED","-17.3725944444444444","145.207111111111111","55","309514","8078329","Hodgkinson Formation; EARLY DEVONIAN; QUARTZITE","; ; ","; ; "
"36139","CONSTANT HARRY","-17.4310833333333333","145.271958333333333","55","316464","8071919","Hodgkinson Formation; EARLY DEVONIAN; ARGILLITE","; ; ","; ; "
"36140","COON","-17.4404750000000000","145.209741666666666","55","309864","8070819","Hodgkinson Formation; EARLY DEVONIAN; ARGILLITE","; ; ","; ; "
"36142","COSGROVE","-17.4330472222222222","145.138750000000000","55","302314","8071569","Hodgkinson Formation; EARLY DEVONIAN; ARENITE","; ; ","; ; "
"36143","COSMOPOLITAN","-17.4372416666666666","145.162238888888888","55","304814","8071129","Hodgkinson Formation; EARLY DEVONIAN; ARENITE","; ; ","; ; "
"36144","CROWN","-17.3889500000000000","145.310938888888888","55","320564","8076619","Jumna Granite; LATE CARBONIFEROUS; GRANITE","; ; ","; ; "
"36145","CUPRITE?","-17.3883500000000000","145.314897222222222","55","320984","8076689","Jumna Granite; LATE CARBONIFEROUS; GRANITE","; ; ","; ; "
"36146","D.C.L.","-17.4528027777777777","145.032177777777777","55","291014","8069269","Denford Granite; LATE CARBONIFEROUS; GRANITE","Billings Granite; LATE CARBONIFEROUS; GRANITE","; ; "
"36147","DAISY","-17.4340333333333333","145.247458333333333","55","313864","8071569","Hodgkinson Formation; EARLY DEVONIAN; ARGILLITE","; ; ","; ; "
"36148","DAISY BELL","-17.4468416666666666","145.014169444444444","55","289094","8069909","Billings Granite; LATE CARBONIFEROUS; GRANITE","; ; ","; ; "
"36149","DAL SANTO'S PROSPECT","-17.1924305555555555","145.089941666666666","55","296864","8098149","Atlanta Granite; LATE CARBONIFEROUS; GRANITE","; ; ","; ; "
"36150","DALZIELS","-17.4824833333333333","145.018680555555555","55","289614","8065969","Billings Granite; LATE CARBONIFEROUS; GRANITE","; ; ","; ; "
"36151","DARGO","-17.4236583333333333","145.249438888888888","55","314064","8072719","Hodgkinson Formation; EARLY DEVONIAN; ARGILLITE","; ; ","; ; "
"36152","DAWN OF HOPE","-17.4487055555555555","145.272263888888888","55","316514","8069969","Hodgkinson Formation; EARLY DEVONIAN; ARENITE","; ; ","; ; "
"36153","DAY DAWN","-17.3742361111111111","145.334130555555555","55","323014","8078269","Hodgkinson Formation; EARLY DEVONIAN; ARENITE","; ; ","; ; "
"36154","DAY DAWN","-17.3854055555555555","145.373555555555555","55","327214","8077069","Saint Patricks Hill Granite; LATE CARBONIFEROUS; GRANITE","; ; ","; ; "
"36155","DAY DAWN","-17.3730527777777777","145.376863888888888","55","327554","8078439","Hodgkinson Formation; EARLY DEVONIAN; ARENITE","; ; ","; ; "
"36156","DAY DAWN","-17.4971638888888888","145.234141666666666","55","312514","8064569","Go Sam Granite; LATE CARBONIFEROUS; GRANITE","; ; ","; ; "
"36157","DAYDREAM LODE","-17.4469166666666666","145.095872222222222","55","297774","8069989","Hodgkinson Formation; EARLY DEVONIAN; ARENITE","; ; ","; ; "
"36158","DE GIPPS","-17.3851333333333333","145.340619444444444","55","323714","8077069","Hodgkinson Formation; EARLY DEVONIAN; ARGILLITE","; ; ","; ; "
"36159","DE WETT","-17.4291083333333333","145.011727777777777","55","288814","8071869","Hodgkinson Formation; EARLY DEVONIAN; ARENITE","; ; ","; ; "
"36160","DEAD BAT","-17.4420138888888888","145.150894444444444","55","303614","8070589","Hodgkinson Formation; EARLY DEVONIAN; ARENITE","; ; ","; ; "
"36161","DEAD BIRD","-17.4483000000000000","145.146691666666666","55","303174","8069889","Hodgkinson Formation; EARLY DEVONIAN; ARENITE","; ; ","; ; "
"36162","DEAD FINISH","-17.4419888888888888","145.035119444444444","55","291314","8070469","Hodgkinson Formation; EARLY DEVONIAN; ARENITE","; ; ","; ; "
"36163","DEAD FINISH CREEK","-17.2699277777777777","145.184594444444444","55","307014","8089669","Qa-QLD; QUATERNARY; ALLUVIUM","; ; ","; ; "
"36164","DEADMAN CREEK","-17.3350805555555555","145.195527777777777","55","308244","8082469","Featherbed Volcanic Group; LATE CARBONIFEROUS; IGNIMBRITE","; ; ","; ; "
"36165","DECEPTION CREEK","-17.0991166666666666","145.474725000000000","55","337714","8108838","Qa-QLD; QUATERNARY; ALLUVIUM","; ; ","; ; "
"36166","DEMOCRAT","-17.4436416666666666","145.150880555555555","55","303614","8070409","Hodgkinson Formation; EARLY DEVONIAN; ARENITE","; ; ","; ; "
"36167","DENFORD","-17.4843750000000000","145.027133333333333","55","290514","8065769","Cigarette Granite; LATE CARBONIFEROUS; GREISEN","; ; ","; ; "
"36168","DILLANS GARNET SHOW","-17.3867472222222222","145.317547222222222","55","321264","8076869","Jumna Granite; LATE CARBONIFEROUS; GRANITE","; ; ","; ; "
"36169","DINKUM","-17.3857611111111111","145.307863888888888","55","320234","8076969","Jumna Granite; LATE CARBONIFEROUS; GRANITE","; ; ","; ; "
"36170","DIVIDEND","-17.4606888888888888","145.007619444444444","55","288414","8068369","Billings Granite; LATE CARBONIFEROUS; GRANITE","; ; ","; ; "
