"SITE_NO","FIELD_ID","Mine Name","LAT94","long94","MGA_ZONE","EASTING94","NORTHING94","LOCALITY","Mine Status","Exploration Status","Deposit Size","Size Order","Data Date","Location Accuracy (m)","Main Commodity","Main Commodity Size","All Commodities","Map Name (100,000)","WORK_EXTENT","WORK_EXTENT_COMMENTS"
"36188","","ELIZABETH","-17.4388083333333333","145.079391666666666","55","296014","8070869","5.9 KM ENE OF EMUFORD.","ABANDONED MINE","","VERY SMALL","1","1989-07-17 00:00:00","200","TIN","VERY SMALL <100 TONNES","SN PB CU AU ZN     ","ATHERTON","300 LONG AND        92 DEEP",""
"36189","","ELLENBEE","-17.3346500000000000","145.433936111111111","55","333584","8082739","7.5 KM NE OF HERBERTON.","MINERAL OCCURRENCE","","VERY SMALL","1","1989-05-31 00:00:00","200","ANTIMONY","VERY SMALL <50 TONNES","SB FL        ","ATHERTON","2.5 LONG AND 2.5 DEEP",""
"36190","","ELLENVEE","-17.3348833333333333","145.428947222222222","55","333054","8082709","7.1 KM NE OF HERBERTON.","ABANDONED MINE","","VERY SMALL","1","1989-05-31 00:00:00","200","ANTIMONY","VERY SMALL <50 TONNES","SB CU        ","ATHERTON","330 LONG, 4 WIDE AND        41 DEEP",""
"36191","","ELSEY","-17.4916166666666666","145.220072222222222","55","311014","8065169","7.3 KM SSE OF IRVINEBANK.","ABANDONED MINE","","VERY SMALL","1","1989-05-06 00:00:00","200","TIN","VERY SMALL <100 TONNES","SN CU        ","ATHERTON","40 LONG, 2 WIDE AND >10 DEEP",""
"36192","","ELSIE","-17.4676388888888888","145.267377777777777","55","316014","8067869","8.1 KM ESE OF IRVINEBANK.","ABANDONED MINE","","VERY SMALL","1","1990-10-01 00:00:00","200","TIN","VERY SMALL <100 TONNES","SN         ","ATHERTON","",""
"36193","","EMMA CREEK","-17.4637555555555555","145.043358333333333","55","292214","8068069","17.4 KM WSW OF IRVINEBANK.","MINERAL OCCURRENCE","","VERY SMALL","1","1990-12-01 00:00:00","200","TIN","VERY SMALL <100 TONNES","SN         ","ATHERTON","~2 k LONG",""
"36194","","EMPRESS","-17.3659388888888888","145.380219444444444","55","327904","8079229","2.2 KM NNW OF HERBERTON.","ABANDONED MINE","","VERY SMALL","1","1989-08-24 00:00:00","200","COPPER","VERY SMALL <500 TONNES","CU AG PB MO      ","ATHERTON","80 LONG, 60 WIDE AND       113 DEEP",""
"36195","","EMU CREEK","-17.4482666666666666","145.030344444444444","55","290814","8069769","18.5 KM W OF IRVINEBANK.","MINERAL OCCURRENCE","","VERY SMALL","1","1990-08-13 00:00:00","200","TIN","VERY SMALL <100 TONNES","SN         ","ATHERTON","18 k LONG",""
"36196","","EMU?","-17.4472222222222222","145.016236111111111","55","289314","8069869","1.6 KM NW OF EMUFORD.","ABANDONED MINE","","VERY SMALL","1","1988-12-14 00:00:00","200","TIN","VERY SMALL <100 TONNES","SN         ","ATHERTON","",""
"36197","","ENDEAVOUR","-17.4299250000000000","145.242791666666666","55","313364","8072019","4.1 KM E OF IRVINEBANK.","ABANDONED MINE","","VERY SMALL","1","2006-11-27 00:00:00","200","TIN","VERY SMALL <100 TONNES","SN         ","ATHERTON","40 LONG, <10 WIDE AND 15-20 DEEP",""
"36198","","ETNA","-17.3657666666666666","145.252530555555555","55","314334","8079129","14.6 KM W OF HERBERTON.","ABANDONED MINE","","VERY SMALL","1","1988-12-14 00:00:00","200","TIN","VERY SMALL <100 TONNES","SN CU AG       ","ATHERTON","60 LONG, 10 WIDE AND        44 DEEP",""
"36199","","EUCHRE","-17.4616916666666666","145.110216666666666","55","299314","8068369","10.5 KM WSW OF IRVINEBANK.","ABANDONED MINE","","VERY SMALL","1","1989-07-12 00:00:00","200","TIN","VERY SMALL <100 TONNES","SN         ","ATHERTON","30 LONG, 6 WIDE AND ~7 DEEP",""
"36200","","EUREKA CREEK","-17.3163250000000000","145.219886111111111","55","310814","8084569","12.5 KM N OF IRVINEBANK.","ABANDONED MINE","ACTIVE PROSPECT","VERY SMALL","1","2005-10-10 00:00:00","200","TIN","VERY SMALL <100 TONNES","SN         ","ATHERTON","",""
"36201","","EVANS SHOW","-17.4426305555555555","145.008758333333333","55","288514","8070369","2.5 KM NW OF EMUFORD.","ABANDONED MINE","","VERY SMALL","1","1988-12-14 00:00:00","200","TIN","VERY SMALL <100 TONNES","SN W CU BI      ","ATHERTON","",""
"36202","","EXPERIENCE","-17.4603250000000000","145.206725000000000","55","309564","8068619","3.6 KM S OF IRVINEBANK.","ABANDONED MINE","","VERY SMALL","1","1989-04-24 00:00:00","200","TIN","VERY SMALL <100 TONNES","SN         ","ATHERTON","60 LONG, 3-5 WIDE AND 6 DEEP",""
"36203","","FABRIS PROSPECT","-17.1320138888888888","145.027130555555555","55","290114","8104769","9.1 KM WNW OF DIMBULAH.","ABANDONED MINE","ABANDONED PROSPECT","VERY SMALL","1","1989-01-25 00:00:00","200","TUNGSTEN","VERY SMALL <5 TONNES","W SN        ","ATHERTON","30 LONG, 20 WIDE AND 6 DEEP",""
"36204","","FANNY PARNELL","-17.4877833333333333","145.195627777777777","55","308414","8065569","6.6 KM S OF IRVINEBANK.","ABANDONED MINE","","VERY SMALL","1","1989-05-11 00:00:00","200","TIN","VERY SMALL <100 TONNES","SN         ","ATHERTON","100 LONG, 1 WIDE AND >10 DEEP",""
"36205","","FANNY PARNELL","-17.3860333333333333","145.318683333333333","55","321384","8076949","7.2 KM W OF HERBERTON.","ABANDONED MINE","","VERY SMALL","1","1989-08-16 00:00:00","200","TIN","VERY SMALL <100 TONNES","SN         ","ATHERTON","52M LONG, 3M WIDE AND >8M DEEP",""
"36206","","FANNY SQUARE","-17.4914055555555555","145.196533333333333","55","308514","8065169","7.1 KM S OF IRVINEBANK.","ABANDONED MINE","","VERY SMALL","1","1989-05-04 00:00:00","200","TIN","VERY SMALL <100 TONNES","SN         ","ATHERTON","50M DEEP",""
"36207","","FEDERATION","-17.3767972222222222","145.337963888888888","55","323424","8077989","5.3KM WEST OF HERBERTON, 60KM SW OF CAIRNS.","ABANDONED MINE","INACTIVE PROSPECT","MEDIUM","3","2007-11-17 00:00:00","200","TIN","MEDIUM 1 000 - 100 000 TONNES","SN CU AG       ","ATHERTON","150 LONG, 100 WIDE AND 32 DEEP",""
"36208","","FIRST DIVIDEND","-17.4825777777777777","145.028094444444444","55","290614","8065969","2.8 KM S OF EMUFORD.","ABANDONED MINE","","VERY SMALL","1","1988-12-15 00:00:00","200","TIN","VERY SMALL <100 TONNES","SN         ","ATHERTON","",""
"36209","","FLORENCE","-17.4410055555555555","145.218680555555555","55","310814","8070769","2.1 KM SE OF IRVINEBANK.","ABANDONED MINE","ACTIVE PROSPECT","VERY SMALL","1","2000-05-09 00:00:00","200","TIN","VERY SMALL <100 TONNES","SN         ","ATHERTON","80 LONG, 5 WIDE AND 40 DEEP",""
"36210","","FLUORSPAR HILL","-17.2131000000000000","145.195491666666666","55","308114","8095969","11.4 KM SE OF DIMBULAH.","MINERAL OCCURRENCE","","VERY SMALL","1","1992-01-29 00:00:00","200","FLUORITE","VERY SMALL <50 TONNES","FL SN        ","ATHERTON","2 LONG, 2 WIDE AND 2 DEEP",""
"36211","","FRANCIS","-17.4334472222222222","145.232402777777777","55","312264","8071619","3.0 KM E OF IRVINEBANK.","ABANDONED MINE","","VERY SMALL","1","1989-05-18 00:00:00","200","TIN","VERY SMALL <100 TONNES","SN         ","ATHERTON","",""
"36212","","FREETHINKER","-17.4196777777777777","145.208063888888888","55","309664","8073119","1.0 KM NNE OF IRVINEBANK.","ABANDONED MINE","","VERY SMALL","1","1988-12-15 00:00:00","200","TIN","VERY SMALL <100 TONNES","SN W        ","ATHERTON","70M LONG, 2 WIDE AND 37 DEEP",""
"36213","","FROGGY","-17.4771694444444444","145.221152777777777","55","311114","8066769","5.8 KM SSE OF IRVINEBANK.","ABANDONED MINE","","VERY SMALL","1","1989-05-04 00:00:00","200","TIN","VERY SMALL <100 TONNES","SN         ","ATHERTON","3 LONG, 1 WIDE AND        12 DEEP",""
"36214","","GADFLY","-17.3804111111111111","145.370775000000000","55","326914","8077619","1.8 KM WNW OF HERBERTON.","ABANDONED MINE","","VERY SMALL","1","1989-08-30 00:00:00","200","TIN","VERY SMALL <100 TONNES","SN         ","ATHERTON","45 LONG, 30 WIDE AND >15 DEEP",""
"36215","","GARIBALDI","-17.4447527777777777","145.203394444444444","55","309194","8070339","1.8 KM S OF IRVINEBANK.","ABANDONED MINE","","VERY SMALL","1","1988-12-19 00:00:00","200","TIN","VERY SMALL <100 TONNES","SN         ","ATHERTON","",""
"36216","","GEM","-17.4380527777777777","145.048338888888888","55","292714","8070919","3.3 KM NE OF EMUFORD.","ABANDONED MINE","","VERY SMALL","1","1988-12-16 00:00:00","200","TIN","VERY SMALL <100 TONNES","SN CU        ","ATHERTON","30M LONG AND 18M WIDE",""
"36217","","GEORGE","-17.4241055555555555","145.248963888888888","55","314014","8072669","4.7 KM E OF IRVINEBANK.","ABANDONED MINE","","VERY SMALL","1","1989-05-02 00:00:00","200","TIN","VERY SMALL <100 TONNES","SN         ","ATHERTON","80 LONG, 6 WIDE AND 2 DEEP",""
"36218","","GIBBS CREEK","-17.3907722222222222","145.169338888888888","55","305519","8076279","5.7 KM NW OF IRVINEBANK.","ABANDONED MINE","","VERY SMALL","1","2006-11-27 00:00:00","50","TIN","VERY SMALL <100 TONNES","SN         ","ATHERTON","",""
"36219","","GIBRALTA","-17.4689138888888888","145.016944444444444","55","289414","8067469","1.6 KM SW OF EMUFORD.","ABANDONED MINE","","VERY SMALL","1","1988-12-19 00:00:00","200","TIN","VERY SMALL <100 TONNES","SN         ","ATHERTON","",""
"36220","","GILDED ROSE","-17.4483416666666666","145.037875000000000","55","291614","8069769","1.6 KM NE OF EMUFORD.","ABANDONED MINE","","VERY SMALL","1","1988-12-16 00:00:00","200","TIN","VERY SMALL <100 TONNES","SN         ","ATHERTON","",""
"36221","","GLADYS?","-17.4119638888888888","145.204375000000000","55","309264","8073969","1.8 KM N OF IRVINEBANK.","ABANDONED MINE","","VERY SMALL","1","1989-05-17 00:00:00","200","TIN","VERY SMALL <100 TONNES","SN         ","ATHERTON","30 LONG, 3 WIDE AND >3 DEEP",""
"36222","","GLEN ROY","-17.4111444444444444","145.213794444444444","55","310264","8074069","2.1 KM NNE OF IRVINEBANK.","ABANDONED MINE","","VERY SMALL","1","1989-05-11 00:00:00","200","TIN","VERY SMALL <100 TONNES","SN         ","ATHERTON","30 LONG, 5 WIDE AND >20 DEEP",""
"36223","","GLENCAIRN","-17.3904333333333333","145.325983333333333","55","322164","8076469","6.5 KM W OF HERBERTON.","ABANDONED MINE","","VERY SMALL","1","1989-08-11 00:00:00","200","TIN","VERY SMALL <100 TONNES","SN W CU       ","ATHERTON","60 LONG, 50 WIDE AND >20 DEEP",""
"36224","","GLENCOE","-17.4504472222222222","145.264716666666666","55","315714","8069769","7.0 KM ESE OF IRVINEBANK.","ABANDONED MINE","","VERY SMALL","1","1989-05-02 00:00:00","200","TIN","VERY SMALL <100 TONNES","SN LST        ","ATHERTON","20 LONG, 2 WIDE AND >10 DEEP",""
"36225","","GLENCOE","-17.4666944444444444","145.262680555555555","55","315514","8067969","7.7 KM ESE OF IRVINEBANK.","ABANDONED MINE","","VERY SMALL","1","1989-05-02 00:00:00","200","COPPER","VERY SMALL <500 TONNES","CU AG        ","ATHERTON","50 LONG, 2 WIDE AND 5 DEEP",""
"36226","","GLENORA?","-17.4499138888888888","145.014325000000000","55","289114","8069569","1.5 KM WNW OF EMUFORD.","ABANDONED MINE","","VERY SMALL","1","1988-12-16 00:00:00","200","TUNGSTEN","VERY SMALL <5 TONNES","W BI        ","ATHERTON","",""
"36227","","GOOD HOPE","-17.4239833333333333","145.340175000000000","55","323704","8072769","6.6 KM SW OF HERBERTON.","ABANDONED MINE","","VERY SMALL","1","1989-06-10 00:00:00","200","TIN","VERY SMALL <100 TONNES","SN         ","ATHERTON","200 LONG, 150 WIDE AND 30 DEEP",""
"36228","","GORDON","-17.4128194444444444","145.199188888888888","55","308714","8073869","1.8 KM NNW OF IRVINEBANK.","ABANDONED MINE","","VERY SMALL","1","1989-05-08 00:00:00","200","TIN","VERY SMALL <100 TONNES","SN CU BI       ","ATHERTON","80 LONG, 10 WIDE AND ~60 DEEP",""
"36229","","GOVERNOR NORMAN","-17.4281361111111111","145.223247222222222","55","311286","8072198","2.0KM E OF IRVINEBANK, 75KM SW OF CAIRNS.","ABANDONED MINE","ABANDONED PROSPECT","MEDIUM","3","2013-09-05 00:00:00","50","TIN","MEDIUM 1 000 - 100 000 TONNES","SN         ","ATHERTON","120 LONG AND 80 DEEP",""
"36230","","GRANITE BOULDER","-17.4690166666666666","145.027297222222222","55","290514","8067469","1.3 KM S OF EMUFORD.","ABANDONED MINE","","VERY SMALL","1","1988-12-16 00:00:00","200","TIN","VERY SMALL <100 TONNES","SN         ","ATHERTON","",""
"36231","","GRANOLA","-17.0537388888888888","145.158516666666666","55","304014","8113570","11.7 KM NNE OF DIMBULAH.","ABANDONED MINE","ABANDONED PROSPECT","VERY SMALL","1","1988-09-14 00:00:00","200","GOLD","VERY SMALL <0.5 TONNES","AU SB        ","ATHERTON","",""
"36232","","GREAT GRANITE","-17.4555305555555555","145.034033333333333","55","291214","8068969","0.8 KM ENE OF EMUFORD.","ABANDONED MINE","","VERY SMALL","1","1988-12-16 00:00:00","200","TIN","VERY SMALL <100 TONNES","SN         ","ATHERTON","",""
"36233","","GREAT SOUTHERN TIN","-17.4481305555555555","145.202155555555555","55","309066","8069964","2.5KM SOUTH OF IRVINEBANK, 75KM SW OF CAIRNS.","ABANDONED MINE","ACTIVE PROSPECT","MEDIUM","3","2008-11-06 00:00:00","10","TIN","MEDIUM 1 000 - 100 000 TONNES","SN W        ","ATHERTON","107 LONG, 2 WIDE AND 120 DEEP",""
"36234","","GREAT WESTERN","-17.3894222222222222","145.313288888888888","55","320814","8076569","7.8 KM W OF HERBERTON.","ABANDONED MINE","","VERY SMALL","1","1989-06-20 00:00:00","200","TIN","VERY SMALL <100 TONNES","SN         ","ATHERTON","80 LONG, 60 WIDE AND 61 DEEP",""
"36235","","H.T.R.","-17.3913305555555555","145.325505555555555","55","322114","8076369","6.5 KM W OF HERBERTON.","ABANDONED MINE","","VERY SMALL","1","1989-08-10 00:00:00","200","TIN","VERY SMALL <100 TONNES","SN W        ","ATHERTON","10 LONG, 4 WIDE AND 24 DEEP",""
"36236","","HADLEIGH CASTLE","-17.4181500000000000","145.291375000000000","55","318514","8073369","10.8 KM WSW OF HERBERTON.","ABANDONED MINE","","VERY SMALL","1","1989-06-16 00:00:00","200","TIN","VERY SMALL <100 TONNES","SN CU PB       ","ATHERTON","50 LONG, 30 WIDE AND        26 DEEP",""
"36237","","HALLEY'S COMET","-17.4449111111111111","145.056736111111111","55","293614","8070169","3.5 KM ENE OF EMUFORD.","ABANDONED MINE","","VERY SMALL","1","1988-12-20 00:00:00","200","TIN","VERY SMALL <100 TONNES","SN PB        ","ATHERTON","",""
"36238","","HALLMARK","-17.4423500000000000","145.071825000000000","55","295214","8070469","5.0 KM ENE OF EMUFORD.","ABANDONED MINE","","VERY SMALL","1","1988-12-22 00:00:00","200","TIN","VERY SMALL <100 TONNES","SN CU ZN       ","ATHERTON","55 DEEP",""
"36239","","HAMILTON","-17.4500888888888888","145.096969444444444","55","297894","8069639","7.4 KM E OF EMUFORD.","ABANDONED MINE","","VERY SMALL","1","1989-07-18 00:00:00","200","COPPER","VERY SMALL <500 TONNES","CU         ","ATHERTON","~18 LONG, ~10 WIDE AND ~5 DEEP",""
"36240","","HANDICAP","-17.3873027777777777","145.429911111111111","55","333204","8076909","4.6 KM E OF HERBERTON.","ABANDONED MINE","","VERY SMALL","1","1989-06-03 00:00:00","200","TIN","VERY SMALL <100 TONNES","SN W CU       ","ATHERTON","100 LONG, 12 WIDE AND >10 DEEP",""
"36241","","HAPPY JACK","-17.3900305555555555","145.321094444444444","55","321644","8076509","7.0 KM W OF HERBERTON.","ABANDONED MINE","","VERY SMALL","1","1989-08-15 00:00:00","200","TIN","VERY SMALL <100 TONNES","SN         ","ATHERTON","80 LONG, 30 WIDE AND >10 DEEP",""
"36242","","HAPPY JACK","-17.3734805555555555","145.385141666666666","55","328434","8078399","1.2 KM N OF HERBERTON.","ABANDONED MINE","","VERY SMALL","1","1989-04-20 00:00:00","200","TIN","VERY SMALL <100 TONNES","SN MO CU       ","ATHERTON","40 LONG, 12 WIDE AND 36 DEEP",""
"36243","","HARD CASE","-17.4425416666666666","145.188541666666666","55","307614","8070569","2.3 KM SW OF IRVINEBANK.","ABANDONED MINE","","VERY SMALL","1","1988-12-22 00:00:00","200","TIN","VERY SMALL <100 TONNES","SN         ","ATHERTON","",""
"36244","","HARD HIT","-17.4451805555555555","145.141638888888888","55","302634","8070229","6.8 KM WSW OF IRVINEBANK.","ABANDONED MINE","","VERY SMALL","1","1989-07-03 00:00:00","200","TIN","VERY SMALL <100 TONNES","SN         ","ATHERTON","12 LONG, 2 WIDE AND >10 DEEP",""
"36245","","HARD HOLE","-17.4509777777777777","145.030316666666666","55","290814","8069469","0.8 KM NNE OF EMUFORD.","ABANDONED MINE","","VERY SMALL","1","1988-12-20 00:00:00","200","TIN","VERY SMALL <100 TONNES","SN         ","ATHERTON","",""
"36246","","HARP OF ERIN","-17.4744277777777777","145.026297222222222","55","290414","8066869","1.9 KM S OF EMUFORD.","ABANDONED MINE","","VERY SMALL","1","1988-12-22 00:00:00","200","TIN","VERY SMALL <100 TONNES","SN         ","ATHERTON","",""
"36247","","HASSY SHAFT","-17.4403388888888888","145.051138888888888","55","293014","8070669","3.2 KM NE OF EMUFORD.","ABANDONED MINE","","VERY SMALL","1","1988-12-20 00:00:00","200","TIN","VERY SMALL <100 TONNES","SN         ","ATHERTON","",""
"36248","","HAVELOCK","-17.4635777777777777","145.025475000000000","55","290314","8068069","0.7 KM S OF EMUFORD.","ABANDONED MINE","","VERY SMALL","1","1988-12-20 00:00:00","200","TIN","VERY SMALL <100 TONNES","SN         ","ATHERTON","",""
"36249","","HAWK","-17.4087277777777777","145.247041666666666","55","313794","8074369","5.2 KM ENE OF IRVINEBANK.","ABANDONED MINE","","VERY SMALL","1","1989-08-28 00:00:00","200","TIN","VERY SMALL <100 TONNES","SN W MO ZN      ","ATHERTON","~200 LONG, 4 WIDE AND >15 DEEP",""
"36250","","HECLA","-17.4245277777777777","145.194838888888888","55","308264","8072569","1.1 KM WNW OF IRVINEBANK.","ABANDONED MINE","","VERY SMALL","1","2006-11-27 00:00:00","200","TIN","VERY SMALL <100 TONNES","SN         ","ATHERTON","40 LONG, 1 WIDE AND >20 DEEP",""
"36251","","HELL OF A FIX","-17.4314166666666666","145.207477777777777","55","309614","8071819","0.5 KM SE OF IRVINEBANK.","ABANDONED MINE","","VERY SMALL","1","1989-05-13 00:00:00","200","TIN","VERY SMALL <100 TONNES","SN         ","ATHERTON","100 LONG, 5 WIDE AND 6 DEEP",""
"36252","","HERBERTINA","-17.3877805555555555","145.322244444444444","55","321764","8076759","6.9 KM W OF HERBERTON.","ABANDONED MINE","","VERY SMALL","1","1989-08-12 00:00:00","200","TIN","VERY SMALL <100 TONNES","SN         ","ATHERTON","100 LONG, 20 WIDE AND 13 DEEP",""
"36253","","HERBERTON DEEP LEAD","-17.4234000000000000","145.387836111111111","55","328767","8072877","FROM HERBERTON TO THE MILLSTREAM.","ABANDONED MINE","INACTIVE PROSPECT","MEDIUM","3","2006-11-23 00:00:00","200","TIN","MEDIUM 1 000 - 100 000 TONNES","SN AU W       ","ATHERTON","46k LONG, 600 WIDE AND >35 DEEP",""
"0","BUNDA","WALKERS","-24.9582833333333333","152.201111111111111","56","419355","7239425","17.9KM SW OF BUNDABERG.","ABANDONED MINE","ACTIVE PROSPECT","SMALL","2","2014-02-28 00:00:00","10","BRICK CLAY","SMALL 2 000 - 200 000 TONNES","BKCY         ","BUNDABERG","100M LONG X 50M WIDE X 5M DEEP",""
"7518","LCGY0113B","ANDERLEIGH SANDSTONE QUARRY","-26.0241194444444444","152.604280555555555","56","460405","7121575","ANDERLEIGH SDST QUARRY ML50004","CARE AND MAINTENANCE","ACTIVE PROSPECT","VERY SMALL","1","2010-11-12 00:00:00","100","BUILDING STONE","VERY SMALL <100 000 TONNES","BLST SST        ","GYMPIE","",""
"7602","M0067","ANDERLEIGH SLATE QUARRY","-26.0286361111111111","152.605263888888888","56","460505","7121075","SLATE QUARRY","CARE AND MAINTENANCE","ACTIVE PROSPECT","VERY SMALL","1","2010-11-12 00:00:00","100","BUILDING STONE","VERY SMALL <100 000 TONNES","BLST ST        ","GYMPIE","",""
"13723","IWCL648 CLERM","HURLEY'S 2","-22.6976250000000000","147.499655555555555","55","551320","7489857","ABD ALLUVIAL WORKINGS W OF BLAIR ATHOL","ABANDONED MINE","","VERY SMALL","1","2000-06-25 00:00:00","50","GOLD","VERY SMALL <0.5 TONNES","AU         ","MONTEAGLE","",""
"13724","IWCL649 CLERM","HURLEY'S","-22.6966111111111111","147.500275000000000","55","551384","7489969","ABD ALLUVIAL WORKINGS W OF BLAIR ATHOL","ABANDONED MINE","","VERY SMALL","1","2000-06-25 00:00:00","50","GOLD","VERY SMALL <0.5 TONNES","AU         ","MONTEAGLE","",""
"13895","IWCL821 CLERM","RIP & TEAR  LEAD","-22.7178833333333333","147.494383333333333","55","550771","7487617","3.6KM SSW BLAIR ATHOL","ABANDONED MINE","","VERY SMALL","1","2002-07-04 00:00:00","50","GOLD","VERY SMALL <0.5 TONNES","AU         ","MONTEAGLE","",""
"13912","IWCL838 CLERM","VENUS LEAD","-22.7403111111111111","147.515794444444444","55","552961","7485126","ALLUVIAL WORKINGS W OF 'THE VENUS'","ABANDONED MINE","","VERY SMALL","1","2002-07-02 00:00:00","50","GOLD","VERY SMALL <0.5 TONNES","AU         ","CLERMONT","",""
"13915","IWCL841 CLERM","BLACKSMITH'S GULLY LEAD","-22.7300972222222222","147.512200000000000","55","552596","7486258","ALLUVIAL WORKINGS 3.9KM S BLAIR ATHOL","ABANDONED MINE","","VERY SMALL","1","2002-07-02 00:00:00","50","GOLD","VERY SMALL <0.5 TONNES","AU         ","CLERMONT","50M LONG X 50M WIDE X <3M DEEP","over an area of 50 m by 50 m"
"13996","IWCL922-CLERM","UNNAMED 610767","-22.8144388888888888","147.596111111111111","55","561175","7476889","GRVL SCRAPE/ALLUVIAL WORKINGS NEAR SANDY CK","ABANDONED MINE","","VERY SMALL","1","2002-07-04 00:00:00","50","GOLD","VERY SMALL <0.5 TONNES","AU         ","CLERMONT","",""
"25560","CLERMONT-100K","UNNAMED 586960","-22.6399194444444444","147.572116666666666","55","558787","7496218","4KM NW OF CEMENT HILL","ABANDONED MINE","","VERY SMALL","1","2002-08-02 00:00:00","50","GOLD","VERY SMALL <0.5 TONNES","AU         ","CLERMONT","",""
"29292","","UNNAMED 307629","-20.2262138888888888","146.338972222222222","55","430951","7763340","18.7 KM SSE OF CHARTERS TOWERS","MINERAL OCCURRENCE","","VERY SMALL","1","2009-08-24 00:00:00","20","GOLD","VERY SMALL <0.5 TONNES","AU AG        ","CHARTERS TOWERS","",""
"36001","TEXAS","MIAMBA","-29.0131722222222222","151.317219444444444","56","336105","6789376","5.5 KM NORTH-EAST OF BONSHAW, 230KM WEST OF BRISBANE.","MINERAL OCCURRENCE","","SMALL","2","2014-02-12 00:00:00","200","LIMESTONE","SMALL 100 000 - 2 000 000 TONNES","LST         ","ASHFORD","",""
"36002","TEXAS","PINNACLE","-29.0095361111111111","151.357488888888888","56","340022","6789834","8.7 KM NNE OF BONSHAW, 225KM WEST OF BRISBANE.","ABANDONED MINE","ACTIVE PROSPECT","SMALL","2","2014-02-12 00:00:00","200","LIMESTONE","SMALL 100 000 - 2 000 000 TONNES","LST         ","ASHFORD","",""
"36003","TEXAS","RIVERTON","-29.0222527777777777","151.473130555555555","56","351305","6788576","19.3KM E OF BONSHAW, 220KM SW OF BRISBANE.","OPERATING MINE","","LARGE","4","2017-03-09 00:00:00","200","LIMESTONE","LARGE >10 000 000 TONNES","LST         ","ASHFORD","200 LONG, 100 WIDE AND 20 DEEP",""
"36004","TEXAS","UNNAMED 353902","-29.0040611111111111","151.310180555555555","56","335405","6790376","5.9 KM NNE OF BONSHAW.","MINERAL OCCURRENCE","","VERY SMALL","1","1989-02-07 00:00:00","200","MANGANESE","VERY SMALL <100 TONNES","MN SB        ","ASHFORD","",""
"36005","","A1 LINE?","-17.4421555555555555","145.052061111111111","55","293114","8070469","3.2 KM ENE OF EMUFORD.","ABANDONED MINE","","VERY SMALL","1","1988-12-22 00:00:00","200","TIN","VERY SMALL <100 TONNES","SN CU        ","ATHERTON","800 LONG AND 60 DEEP",""
"36006","","ADA HARROD","-17.4082111111111111","145.345116666666666","55","324214","8074519","5.1 KM WSW OF HERBERTON.","ABANDONED MINE","","VERY SMALL","1","1989-06-09 00:00:00","200","TIN","VERY SMALL <100 TONNES","SN         ","ATHERTON","200 LONG, 100 WIDE AND >15 DEEP",""
"36007","","ADMIRAL","-17.3239583333333333","145.265908333333333","55","315714","8083769","14.8 KM WNW OF HERBERTON.","ABANDONED MINE","","VERY SMALL","1","1988-07-08 00:00:00","200","TIN","VERY SMALL <100 TONNES","SN CU        ","ATHERTON","120 LONG, 4 WIDE AND 30 DEEP",""
"36008","","ADVENTURE","-17.4425277777777777","145.147688888888888","55","303274","8070529","6.1 KM WSW OF IRVINEBANK.","ABANDONED MINE","ABANDONED PROSPECT","MEDIUM","3","2014-07-21 00:00:00","200","TIN","MEDIUM 1 000 - 100 000 TONNES","SN W PB AG CU ZN    ","ATHERTON","~300 LONG, ~200 WIDE AND 170 DEEP",""
"36009","","AGNES","-17.4484555555555555","145.193191666666666","55","308114","8069919","2.5 KM SSW OF IRVINEBANK.","ABANDONED MINE","","VERY SMALL","1","1989-05-17 00:00:00","200","TIN","VERY SMALL <100 TONNES","SN         ","ATHERTON","91 DEEP",""
"36010","","AGNES EXTENDED NO. 1","-17.4360388888888888","145.130247222222222","55","301414","8071229","7.8 KM W OF IRVINEBANK.","ABANDONED MINE","","VERY SMALL","1","1989-07-04 00:00:00","200","TIN","VERY SMALL <100 TONNES","SN         ","ATHERTON","6 LONG, 1.5 WIDE AND ~6 DEEP",""
"36011","","AGNES","-17.4653638888888888","145.265516666666666","55","315814","8068119","7.8 KM ESE OF IRVINEBANK.","ABANDONED MINE","","VERY SMALL","1","1989-04-24 00:00:00","200","LEAD","VERY SMALL <1000 TONNES","PB AG CU ZN      ","ATHERTON","75 LONG, 2 WIDE AND >35 DEEP",""
"36012","","AJAX STAR","-17.3958333333333333","145.323394444444444","55","321894","8075869","6.8 KM W OF HERBERTON.","ABANDONED MINE","","VERY SMALL","1","1989-08-14 00:00:00","200","TIN","VERY SMALL <100 TONNES","SN         ","ATHERTON","120 LONG, 20 WIDE AND 3 DEEP",""
"36013","","ALBION","-17.4305111111111111","145.138211111111111","55","302254","8071849","6.9 KM W OF IRVINEBANK.","ABANDONED MINE","ACTIVE PROSPECT","VERY SMALL","1","2000-06-29 00:00:00","200","SILVER","VERY SMALL <5 TONNES","AG PB        ","ATHERTON","15 LONG, 1.5 WIDE AND ~8 DEEP",""
"36014","","ALEXANDER","-17.4256555555555555","145.219769444444444","55","310914","8072469","1.6 KM E OF IRVINEBANK.","ABANDONED MINE","","VERY SMALL","1","1988-12-07 00:00:00","200","TIN","VERY SMALL <100 TONNES","SN         ","ATHERTON","",""
"36015","","ALEXANDRA","-17.4290416666666666","145.245152777777777","55","313614","8072119","4.3 KM E OF IRVINEBANK.","ABANDONED MINE","","VERY SMALL","1","1989-05-03 00:00:00","200","TIN","VERY SMALL <100 TONNES","SN         ","ATHERTON","100 LONG, 30 WIDE AND 18 DEEP",""
"36016","","ALEXANDRIA","-17.4139111111111111","145.219883333333333","55","310914","8073769","2.3 KM NE OF IRVINEBANK.","ABANDONED MINE","","VERY SMALL","1","1989-05-01 00:00:00","200","TIN","VERY SMALL <100 TONNES","SN         ","ATHERTON","30 LONG, <15 WIDE AND 10 DEEP",""
"36017","","ALF ROSE","-17.4975500000000000","145.226605555555555","55","311714","8064519","8.1 KM SSE OF IRVINEBANK.","ABANDONED MINE","","VERY SMALL","1","1989-05-28 00:00:00","200","TIN","VERY SMALL <100 TONNES","SN W        ","ATHERTON","10 LONG, 1 WIDE AND >3 DEEP",""
"36018","","ALICE HARROD","-17.4087111111111111","145.339841666666666","55","323654","8074459","5.6 KM WSW OF HERBERTON.","ABANDONED MINE","","VERY SMALL","1","1989-06-08 00:00:00","200","TIN","VERY SMALL <100 TONNES","SN         ","ATHERTON","150 LONG, 30 WIDE AND >30 DEEP",""
"36019","","ALICE HARROD EXTD. SOUTH","-17.4087944444444444","145.338900000000000","55","323554","8074449","5.7 KM WSW OF HERBERTON.","ABANDONED MINE","","VERY SMALL","1","1989-06-09 00:00:00","200","TIN","VERY SMALL <100 TONNES","SN         ","ATHERTON","",""
"36020","","ALICE HARROD EXTENDED EAST","-17.4074611111111111","145.341736111111111","55","323854","8074599","5.4 KM WSW OF HERBERTON.","ABANDONED MINE","","VERY SMALL","1","1989-06-08 00:00:00","200","TIN","VERY SMALL <100 TONNES","SN         ","ATHERTON","30 LONG, 20 WIDE AND >10 DEEP",""
"36021","","ALL NATIONS","-17.3817555555555555","145.369352777777777","55","326764","8077469","1.9 KM W OF HERBERTON.","ABANDONED MINE","","VERY SMALL","1","1989-08-30 00:00:00","200","TIN","VERY SMALL <100 TONNES","SN         ","ATHERTON","100 LONG, 40 WIDE AND >5 DEEP",""
"36022","","ALL NATIONS?","-17.3940333333333333","145.220077777777777","55","310914","8075969","4.2 KM NNE OF IRVINEBANK.","ABANDONED MINE","","VERY SMALL","1","1988-12-07 00:00:00","200","TIN","VERY SMALL <100 TONNES","SN         ","ATHERTON","",""
"36023","","ALLIGATOR NO.2","-17.1205611111111111","145.057319444444444","55","293314","8106070","6.5 KM WNW OF DIMBULAH.","MINERAL OCCURRENCE","","VERY SMALL","1","1988-06-07 00:00:00","200","FLUORITE","VERY SMALL <50 TONNES","FL         ","ATHERTON","",""
