"SITE_NO","Mine Name","OCCUR_SIZE_CODE","LAT94","long94","MGA_ZONE","EASTING94","NORTHING94","ORE","Ore Mineralogy","From Age","From MA","To Age","To MA"
"36077","BONNIE DUNDEE","VS","-17.4474000000000000","145.034119444444444","55","291214","8069869","ORE","CHLORITE CASSITERITE (TIN) QUARTZ TOURMALINE","LATE CARBONIFEROUS","326.00","",""
"36078","BONTABA","VS","-17.1290805555555555","145.271336111111111","55","316098","8105342","ORE","GOLD (NATIVE) CHALCEDONY QUARTZ STIBICONITE STIBNITE","","","",""
"36079","BOOMER","VS","-17.3987722222222222","145.318286111111111","55","321354","8075539","ORE","CHLORITE CASSITERITE (TIN) LIMONITE QUARTZ SERICITE","LATE CARBONIFEROUS","326.00","",""
"36080","BOOMER","VS","-17.3953888888888888","145.379113888888888","55","327814","8075969","ORE","CASSITERITE (TIN)","LATE CARBONIFEROUS","326.00","",""
"36081","BOOMERANG","VS","-17.4430527777777777","145.195127777777777","55","308314","8070519","ORE","CASSITERITE (TIN) QUARTZ","LATE CARBONIFEROUS","326.00","",""
"36082","BOONMOO BONANZA","VS","-17.3265305555555555","145.054225000000000","55","293214","8083269","ORE","AZURITE DOLOMITE MALACHITE SIDERITE","LATE CARBONIFEROUS","326.00","",""
"36083","BOONMOO PINNACLE","VS","-17.2370750000000000","145.053283333333333","55","293014","8093169","ORE","CASSITERITE (TIN) FLUORITE FELDSPAR KAOLIN/KAOLINITE PYRITE QUARTZ WOLFRAMITE","CARBONIFEROUS","359.20","",""
"36084","BOOTPOLISH","VS","-17.3744055555555555","145.227983333333333","55","311734","8078149","ORE","CASSITERITE (TIN) HEMATITE LIMONITE QUARTZ","LATE CARBONIFEROUS","326.00","",""
"36085","BOSCA","VS","-17.3787638888888888","145.379258333333333","55","327814","8077809","ORE","CASSITERITE (TIN) HYDRO-BIOTITE KAOLIN/KAOLINITE QUARTZ SERICITE WOLFRAMITE","LATE CARBONIFEROUS","326.00","",""
"36086","BOUNDARY","VS","-17.3899388888888888","145.310272222222222","55","320494","8076509","ORE","ARSENOPYRITE BIOTITE CHLORITE CHALCOPYRITE CASSITERITE (TIN) FLUORITE FELDSPAR HEMATITE LIMONITE MICA PYRITE QUARTZ SCORODITE TOURMALINE TOPAZ","LATE CARBONIFEROUS","326.00","",""
"36087","BRADLAUGH CREEK","VS","-17.4002027777777777","145.415777777777777","55","331714","8075469","ORE","CASSITERITE (TIN)","CENOZOIC","65.50","",""
"36088","BRADLAUGH DEEP LEAD","VS","-17.3920111111111111","145.408319444444444","55","330914","8076369","ORE","CASSITERITE (TIN)","CENOZOIC","65.50","",""
"36089","BRASS BOTTLE","VS","-17.3698333333333333","145.211655555555555","55","309994","8078639","ORE","ARSENOPYRITE BISMUTH (NATIVE) CALCITE CHENEVIXITE CHLORITE CHRYSOCOLLA CHALCOPYRITE GALENA JAMESONITE LIMONITE MALACHITE MARCASITE MUSCOVITE PYRITE","LATE CARBONIFEROUS","326.00","",""
"36090","BRILLIANT","VS","-17.3735777777777777","145.342041666666666","55","323854","8078349","ORE","ARSENOPYRITE CASSITERITE (TIN) LIMONITE PYRITE QUARTZ SCORODITE","CARBONIFEROUS","359.20","",""
"36091","BRISBANE","VS","-17.4443222222222222","145.089216666666666","55","297064","8070269","ORE","ARSENOPYRITE CHENEVIXITE LIMONITE QUARTZ","","","",""
"36092","BROKEN MIRROR","VS","-17.3915083333333333","145.314211111111111","55","320914","8076339","ORE","CHLORITE CASSITERITE (TIN) LIMONITE QUARTZ SCORODITE","LATE CARBONIFEROUS","326.00","",""
"36093","BROWN BEAUTY","VS","-17.3676472222222222","145.250441666666666","55","314114","8078919","ORE","CHLORITE CASSITERITE (TIN) GARNET MAGNETITE","LATE CARBONIFEROUS","326.00","",""
"36094","BROWN SNAKE","VS","-17.4382250000000000","145.210705555555555","55","309964","8071069","ORE","CHLORITE CASSITERITE (TIN) LIMONITE QUARTZ TOURMALINE","LATE CARBONIFEROUS","326.00","",""
"36095","BROWN SNAKE","VS","-17.4371555555555555","145.003169444444444","55","287914","8070969","ORE","CHLORITE CASSITERITE (TIN) HEMATITE QUARTZ","LATE CARBONIFEROUS","326.00","",""
"36096","BRUCE","VS","-17.4399361111111111","145.160516666666666","55","304634","8070829","ORE","CHLORITE CASSITERITE (TIN) QUARTZ","LATE CARBONIFEROUS","326.00","",""
"36097","BULLDOG","VS","-17.4075361111111111","145.214300000000000","55","310314","8074469","ORE","CHLORITE CASSITERITE (TIN) PYRITE QUARTZ TOURMALINE","LATE CARBONIFEROUS","326.00","",""
"36098","BULLDOG","VS","-17.4250055555555555","145.248486111111111","55","313964","8072569","ORE","CASSITERITE (TIN) QUARTZ TOURMALINE","LATE CARBONIFEROUS","326.00","",""
"36099","BUNDYS","VS","-17.4270277777777777","145.221638888888888","55","311114","8072319","ORE","CHLORITE CASSITERITE (TIN)","LATE CARBONIFEROUS","326.00","",""
"36100","BUTTERBOX","VS","-17.3868055555555555","145.368177777777777","55","326644","8076909","ORE","CHLORITE CASSITERITE (TIN) LIMONITE PYRITE QUARTZ WOLFRAMITE","LATE CARBONIFEROUS","326.00","",""
"36101","C.C.C.","VS","-17.4437777777777777","145.033216666666666","55","291114","8070269","ORE","CHLORITE CASSITERITE (TIN) LIMONITE MALACHITE QUARTZ TOURMALINE","LATE CARBONIFEROUS","326.00","",""
"36102","CALEDONIA","VS","-17.3851388888888888","145.309000000000000","55","320354","8077039","ORE","CHLORITE CASSITERITE (TIN) JAROSITE LIMONITE MALACHITE MARCASITE PYRITE QUARTZ","LATE CARBONIFEROUS","326.00","",""
"36103","CALEDONIA","VS","-17.3848750000000000","145.309847222222222","55","320444","8077069","ORE","ARSENOPYRITE CHLORITE CASSITERITE (TIN) GARNET HEMATITE JAROSITE KAOLIN/KAOLINITE LIMONITE PYRITE QUARTZ","LATE CARBONIFEROUS","326.00","",""
"36104","CALLAO","VS","-17.3598583333333333","145.238286111111111","55","312814","8079769","ORE","ARSENOPYRITE AZURITE BARYTE CERUSSITE CHENEVIXITE CHLORITE GALENA MALACHITE PLUMBO-JAROSITE QUARTZ SPHALERITE","","","",""
"36105","CANADIAN","VS","-17.4878555555555555","145.013913888888888","55","289114","8065369","ORE","BERYL CHLORITE CASSITERITE (TIN) GREISEN MOLYBDENITE PYRITE QUARTZ WOLFRAMITE","LATE CARBONIFEROUS","326.00","",""
"36106","CAPTAIN","VS","-17.3615611111111111","145.386375000000000","55","328554","8079719","ORE","ARSENOPYRITE AZURITE CHENEVIXITE CHRYSOCOLLA CHALCOPYRITE COVELLITE CLAY GALENA LIMONITE MALACHITE PYRITE QUARTZ SCORODITE SERICITE TOURMALINE","","","",""
"36107","CAPTAIN EXTENDED","VS","-17.3629305555555555","145.387866666666666","55","328714","8079569","ORE","ARSENOPYRITE AZURITE CHALCOPYRITE GALENA LIMONITE MALACHITE PYRITE QUARTZ SCORODITE WOLFRAMITE","LATE CARBONIFEROUS","326.00","",""
"36109","UNNAMED 982947","VS","-17.2217416666666666","145.103272222222222","55","298314","8094919","ORE","SILVER (NATIVE) ARSENOPYRITE GOLD (NATIVE) BISMUTHINITE CHALCOCITE CHALCOPYRITE GALENA MOLYBDENITE PYRRHOTITE QUARTZ SCHEELITE SERICITE WOLFRAMITE","LATE CARBONIFEROUS","326.00","",""
"36110","CARBONATE CREEK COPPER WORKINGS","VS","-17.2240083333333333","145.104188888888888","55","298414","8094669","ORE","LIMONITE MOLYBDENITE QUARTZ SERICITE TOPAZ WOLFRAMITE","","","",""
"36111","UNNAMED 986944","VS","-17.2249388888888888","145.107000000000000","55","298714","8094569","ORE","MUSCOVITE QUARTZ SERICITE WOLFRAMITE","LATE CARBONIFEROUS","326.00","",""
"36112","UNNAMED 988944","VS","-17.2249555555555555","145.108880555555555","55","298914","8094569","ORE","AZURITE KAOLIN/KAOLINITE MALACHITE QUARTZ SERICITE","LATE CARBONIFEROUS","326.00","",""
"36113","UNNAMED 989943","VS","-17.2258666666666666","145.109811111111111","55","299014","8094469","ORE","QUARTZ SERICITE TUNGSTITE WOLFRAMITE","LATE CARBONIFEROUS","326.00","",""
"36114","CASSOWARY CREEK DEEP LEAD","VS","-17.4393944444444444","145.336250000000000","55","323302","8071060","ORE","CASSITERITE (TIN)","CENOZOIC","65.50","",""
"36115","CAVE","VS","-17.4481166666666666","145.015286111111111","55","289214","8069769","ORE","CHLORITE CHALCOPYRITE CASSITERITE (TIN) FLUORITE MALACHITE MONAZITE PYRITE QUARTZ TOURMALINE TOPAZ WOLFRAMITE","LATE CARBONIFEROUS","326.00","",""
"36116","CENTIPEDE","VS","-17.4444444444444444","145.249711111111111","55","314114","8070419","ORE","CASSITERITE (TIN) LIMONITE QUARTZ TOURMALINE","LATE CARBONIFEROUS","326.00","",""
"36117","CHAMPION","VS","-17.4424055555555555","145.134702777777777","55","301894","8070529","ORE","CASSITERITE (TIN) LIMONITE QUARTZ","LATE CARBONIFEROUS","326.00","",""
"36118","CHANCE","VS","-17.4229277777777777","145.217913888888888","55","310714","8072769","ORE","","LATE CARBONIFEROUS","326.00","",""
"36119","CHANCE","VS","-17.4342888888888888","145.225333333333333","55","311514","8071519","ORE","CHLORITE CASSITERITE (TIN) QUARTZ TOURMALINE","LATE CARBONIFEROUS","326.00","",""
"36120","CHANCE EXTENDED","VS","-17.3882277777777777","145.321769444444444","55","321714","8076709","ORE","ARSENOPYRITE CASSITERITE (TIN) KAOLIN/KAOLINITE LIMONITE QUARTZ SCORODITE","LATE CARBONIFEROUS","326.00","",""
"36121","CHINAMAN CREEK","VS","-17.3915194444444444","145.187588888888888","55","307459","8076215","ORE","CASSITERITE (TIN)","CENOZOIC","65.50","",""
"36122","CHRISTMAS GIFT","VS","-17.4453388888888888","145.248761111111111","55","314014","8070319","ORE","CHLORITE CASSITERITE (TIN) IRONSTONE KAOLIN/KAOLINITE LIMONITE QUARTZ TOURMALINE","LATE CARBONIFEROUS","326.00","",""
"36123","CIGARETTE","VS","-17.4825472222222222","145.025269444444444","55","290314","8065969","ORE","CHLORITE CASSITERITE (TIN) FLUORITE QUARTZ WOLFRAMITE","LATE CARBONIFEROUS","326.00","",""
"36124","CLARENCE","VS","-17.3829305555555555","145.369341666666666","55","326764","8077339","ORE","CHLORITE CASSITERITE (TIN) LIMONITE QUARTZ","LATE CARBONIFEROUS","326.00","",""
"36125","CLINTON","VS","-17.3571416666666666","145.237369444444444","55","312714","8080069","ORE","CERUSSITE CHLORITE CHALCOPYRITE GALENA LIMONITE MALACHITE PYRITE QUARTZ SPHALERITE","","","",""
"36126","CLYDE","VS","-17.3858027777777777","145.378069444444444","55","327694","8077029","ORE","CASSITERITE (TIN) HYDRO-BIOTITE KAOLIN/KAOLINITE LIMONITE QUARTZ SERICITE TOURMALINE WOLFRAMITE","LATE CARBONIFEROUS","326.00","",""
"36127","COBBY","VS","-17.4259333333333333","145.251300000000000","55","314264","8072469","ORE","CASSITERITE (TIN) GARNET LIMONITE QUARTZ TOURMALINE","LATE CARBONIFEROUS","326.00","",""
"36128","COCKO THE NORTH","VS","-17.3881138888888888","145.318947222222222","55","321414","8076719","ORE","CHLORITE CASSITERITE (TIN) HEMATITE PYRITE QUARTZ","LATE CARBONIFEROUS","326.00","",""
"0","WALKERS","S","-24.9582833333333333","152.201111111111111","56","419355","7239425","ORE","CLAY","TERTIARY","65.50","",""
"13723","HURLEY'S 2","VS","-22.6976250000000000","147.499655555555555","55","551320","7489857","ORE","GOLD (NATIVE)","EARLY PERMIAN","299.00","",""
"13724","HURLEY'S","VS","-22.6966111111111111","147.500275000000000","55","551384","7489969","ORE","GOLD (NATIVE)","EARLY PERMIAN","299.00","",""
"13895","RIP & TEAR  LEAD","VS","-22.7178833333333333","147.494383333333333","55","550771","7487617","ORE","GOLD (NATIVE)","EARLY PERMIAN","299.00","",""
"13912","VENUS LEAD","VS","-22.7403111111111111","147.515794444444444","55","552961","7485126","ORE","GOLD (NATIVE)","EARLY PERMIAN","299.00","",""
"13915","BLACKSMITH'S GULLY LEAD","VS","-22.7300972222222222","147.512200000000000","55","552596","7486258","ORE","GOLD (NATIVE)","EARLY PERMIAN","299.00","",""
"13996","UNNAMED 610767","VS","-22.8144388888888888","147.596111111111111","55","561175","7476889","ORE","GOLD (NATIVE)","EARLY PERMIAN","299.00","",""
"25560","UNNAMED 586960","VS","-22.6399194444444444","147.572116666666666","55","558787","7496218","ORE","GOLD (NATIVE)","EARLY PERMIAN","299.00","",""
"29292","UNNAMED 307629","VS","-20.2262138888888888","146.338972222222222","55","430951","7763340","ORE","QUARTZ GOLD (NATIVE) PYRITE","CARBONIFEROUS","359.20","",""
"36001","MIAMBA","S","-29.0131722222222222","151.317219444444444","56","336105","6789376","ORE","CALCITE","LATE DEVONIAN","370.00","EARLY CARBONIFEROUS","326.00"
"36002","PINNACLE","S","-29.0095361111111111","151.357488888888888","56","340022","6789834","ORE","CALCITE","DEVONIAN","408.00","CARBONIFEROUS","299.00"
"36003","RIVERTON","L","-29.0222527777777777","151.473130555555555","56","351305","6788576","ORE","CALCITE","DEVONIAN","408.00","CARBONIFEROUS","299.00"
"36004","UNNAMED 353902","VS","-29.0040611111111111","151.310180555555555","56","335405","6790376","ORE","CHALCOTRICHITE JASPER/JASPEROID QUARTZ","","","",""
"36005","A1 LINE?","VS","-17.4421555555555555","145.052061111111111","55","293114","8070469","ORE","CHLORITE CASSITERITE (TIN) MALACHITE QUARTZ","LATE CARBONIFEROUS","326.00","",""
"36006","ADA HARROD","VS","-17.4082111111111111","145.345116666666666","55","324214","8074519","ORE","CHLORITE CASSITERITE (TIN) HEMATITE LIMONITE QUARTZ TOURMALINE","LATE CARBONIFEROUS","326.00","",""
"36007","ADMIRAL","VS","-17.3239583333333333","145.265908333333333","55","315714","8083769","ORE","CHLORITE CHALCOPYRITE CASSITERITE (TIN) HEMATITE PYRITE QUARTZ SERICITE","LATE CARBONIFEROUS","326.00","",""
"36008","ADVENTURE","M","-17.4425277777777777","145.147688888888888","55","303274","8070529","ORE","SILVER (NATIVE) ARSENOPYRITE CHLORITE CHALCOPYRITE CASSITERITE (TIN) GALENA HEMATITE KAOLIN/KAOLINITE LIMONITE PYRITE QUARTZ SPHALERITE WOLFRAMITE","LATE CARBONIFEROUS","326.00","",""
"36009","AGNES","VS","-17.4484555555555555","145.193191666666666","55","308114","8069919","ORE","ARSENOPYRITE CASSITERITE (TIN) PYRITE QUARTZ","LATE CARBONIFEROUS","326.00","",""
"36010","AGNES EXTENDED NO. 1","VS","-17.4360388888888888","145.130247222222222","55","301414","8071229","ORE","CASSITERITE (TIN) PYRITE QUARTZ","LATE CARBONIFEROUS","326.00","",""
"36011","AGNES","VS","-17.4653638888888888","145.265516666666666","55","315814","8068119","ORE","ARSENOPYRITE ATACAMITE AZURITE CERUSSITE CHENEVIXITE CHALCOPYRITE CASSITERITE (TIN) GALENA LIMONITE MALACHITE MELANTERITE QUARTZ SCORODITE SMITHSONITE","LATE CARBONIFEROUS","326.00","",""
"36012","AJAX STAR","VS","-17.3958333333333333","145.323394444444444","55","321894","8075869","ORE","ARSENOPYRITE CASSITERITE (TIN) LIMONITE QUARTZ SCORODITE","LATE CARBONIFEROUS","326.00","",""
"36013","ALBION","VS","-17.4305111111111111","145.138211111111111","55","302254","8071849","ORE","CHENEVIXITE GALENA JAROSITE PLUMBO-JAROSITE QUARTZ SPHALERITE","","","",""
"36014","ALEXANDER","VS","-17.4256555555555555","145.219769444444444","55","310914","8072469","ORE","","LATE CARBONIFEROUS","326.00","",""
"36015","ALEXANDRA","VS","-17.4290416666666666","145.245152777777777","55","313614","8072119","ORE","CASSITERITE (TIN) QUARTZ TOURMALINE","LATE CARBONIFEROUS","326.00","",""
"36016","ALEXANDRIA","VS","-17.4139111111111111","145.219883333333333","55","310914","8073769","ORE","CASSITERITE (TIN) KAOLIN/KAOLINITE QUARTZ TOURMALINE","LATE CARBONIFEROUS","326.00","",""
"36017","ALF ROSE","VS","-17.4975500000000000","145.226605555555555","55","311714","8064519","ORE","CHLORITE CASSITERITE (TIN) QUARTZ WOLFRAMITE","LATE CARBONIFEROUS","326.00","",""
"36018","ALICE HARROD","VS","-17.4087111111111111","145.339841666666666","55","323654","8074459","ORE","CASSITERITE (TIN) HEMATITE LIMONITE QUARTZ","LATE CARBONIFEROUS","326.00","",""
"36019","ALICE HARROD EXTD. SOUTH","VS","-17.4087944444444444","145.338900000000000","55","323554","8074449","ORE","CASSITERITE (TIN) QUARTZ","LATE CARBONIFEROUS","326.00","",""
"36020","ALICE HARROD EXTENDED EAST","VS","-17.4074611111111111","145.341736111111111","55","323854","8074599","ORE","CHLORITE CASSITERITE (TIN) HEMATITE LIMONITE QUARTZ TOURMALINE","LATE CARBONIFEROUS","326.00","",""
"36021","ALL NATIONS","VS","-17.3817555555555555","145.369352777777777","55","326764","8077469","ORE","ARSENOPYRITE CHLORITE CASSITERITE (TIN) LIMONITE PYRITE QUARTZ SCORODITE SERICITE","LATE CARBONIFEROUS","326.00","",""
"36022","ALL NATIONS?","VS","-17.3940333333333333","145.220077777777777","55","310914","8075969","ORE","CHLORITE CASSITERITE (TIN) QUARTZ TOURMALINE","LATE CARBONIFEROUS","326.00","",""
"36023","ALLIGATOR NO.2","VS","-17.1205611111111111","145.057319444444444","55","293314","8106070","ORE","FLUORITE HEMATITE QUARTZ","CARBONIFEROUS","359.20","",""
"36024","AMERICA?","VS","-17.3679277777777777","145.380297222222222","55","327914","8079009","ORE","ARSENOPYRITE GALENA HEMATITE JAROSITE LIMONITE PYRITE QUARTZ SCORODITE WOLFRAMITE","","","",""
"36025","AMY","VS","-17.3396138888888888","145.258422222222222","55","314934","8082029","ORE","CHLORITE CASSITERITE (TIN) JAROSITE LIMONITE PYRITE QUARTZ","LATE CARBONIFEROUS","326.00","",""
"36026","ANGLO SAXON","VS","-17.4585638888888888","145.262755555555555","55","315514","8068869","ORE","HEMATITE LIMONITE MALACHITE GALENA","LATE CARBONIFEROUS","326.00","",""
"36027","ANNA PARNELL","VS","-17.3903583333333333","145.317044444444444","55","321214","8076469","ORE","CASSITERITE (TIN) LIMONITE QUARTZ SCORODITE","LATE CARBONIFEROUS","326.00","",""
"36028","ANNIVERSARY","VS","-17.3784250000000000","145.371075000000000","55","326944","8077839","ORE","ARSENOPYRITE AZURITE CHENEVIXITE CHLORITE CHALCOPYRITE HEMATITE LIMONITE MALACHITE PYRITE PYRRHOTITE QUARTZ SERICITE TORBERNITE TENORITE VIVIANITE","LATE CARBONIFEROUS","326.00","",""
"36029","ANTI-SOCIALIST","VS","-17.4241750000000000","145.363327777777777","55","326164","8072769","ORE","CHLORITE CHALCOPYRITE CASSITERITE (TIN) GARNET LIMONITE MALACHITE PYRITE QUARTZ","LATE CARBONIFEROUS","326.00","",""
"36030","ANTIMONY REWARD","M","-17.4106527777777777","145.064158333333333","55","294364","8073969","ORE","CERVANTITE QUARTZ STIBICONITE STIBNITE WOLFRAMITE","LATE CARBONIFEROUS","326.00","EARLY PERMIAN","270.60"
"36031","ANYTHING","VS","-17.4243861111111111","145.280963888888888","55","317414","8072669","ORE","CASSITERITE (TIN) KAOLIN/KAOLINITE PYRITE QUARTZ","LATE CARBONIFEROUS","326.00","",""
"36032","ANZAC","VS","-17.4561944444444444","145.169863888888888","55","305644","8069039","ORE","CASSITERITE (TIN) QUARTZ TOURMALINE","LATE CARBONIFEROUS","326.00","",""
"36033","APOLLO?","VS","-17.3824416666666666","145.375933333333333","55","327464","8077399","ORE","CASSITERITE (TIN) LIMONITE QUARTZ","LATE CARBONIFEROUS","326.00","",""
"36034","ARBOUIN","VS","-17.3248444444444444","145.264019444444444","55","315514","8083669","ORE","CALCITE CHLORITE CHALCOPYRITE CASSITERITE (TIN) HEMATITE KAOLIN/KAOLINITE MAGNETITE PYRITE QUARTZ SERICITE TOURMALINE TOPAZ WOLFRAMITE","LATE CARBONIFEROUS","326.00","",""
"36035","ARCHER","VS","-17.3822888888888888","145.368405555555555","55","326664","8077409","ORE","CHLORITE CASSITERITE (TIN) LIMONITE MUSCOVITE PYRITE QUARTZ","LATE CARBONIFEROUS","326.00","",""
"36036","ARGYLL","VS","-17.3930805555555555","145.318619444444444","55","321384","8076169","ORE","ARSENOPYRITE CASSITERITE (TIN) COPPER (NATIVE) LIMONITE MALACHITE MICA PYRITE QUARTZ TOPAZ WOLFRAMITE","LATE CARBONIFEROUS","326.00","",""
"36037","AUSTRALIAN","VS","-17.3858583333333333","145.308616666666666","55","320314","8076959","ORE","CHLORITE CASSITERITE (TIN) JAROSITE LIMONITE PYRITE PYRRHOTITE QUARTZ","LATE CARBONIFEROUS","326.00","",""
"36038","AVENGER?","VS","-17.4432333333333333","145.069933333333333","55","295014","8070369","ORE","ANGLESITE CASSITERITE (TIN) IRONSTONE JAROSITE PLUMBO-JAROSITE PYRITE PYRRHOTITE QUARTZ","LATE CARBONIFEROUS","326.00","",""
"36039","BZ","VS","-17.4207694444444444","145.063958333333333","55","294354","8072849","ORE","","","","",""
"36040","BAKER CREEK","VS","-17.3790222222222222","145.259744444444444","55","315114","8077669","ORE","CASSITERITE (TIN)","CENOZOIC","65.50","",""
