"SITE_NO","MIne Name","SITE_LOCALITY","Tenure Type","Tenure Number","Principal Holder Name"
"36002","PINNACLE","8.7 KM NNE OF BONSHAW, 225KM WEST OF BRISBANE.","MINING LEASE","50141","SIBELCO LIME (NSW) PTY LTD"
"36003","RIVERTON","19.3KM E OF BONSHAW, 220KM SW OF BRISBANE.","MINING LEASE","50142","SIBELCO LIME (NSW) PTY LTD"
"36003","RIVERTON","19.3KM E OF BONSHAW, 220KM SW OF BRISBANE.","MINING LEASE","50220","SIBELCO LIME (NSW) PTY LTD"
"36008","ADVENTURE","6.1 KM WSW OF IRVINEBANK.","EXPLORATION PERMIT MINERAL","14741","HERBERTON TIN PTY LTD"
"36049","BELFAST HILL","18.4KM NE OF DIMBULAH, 55KM WEST OF CAIRNS.","EXPLORATION PERMIT MINERAL","9869","TERRITORY MINERALS LTD"
"36049","BELFAST HILL","18.4KM NE OF DIMBULAH, 55KM WEST OF CAIRNS.","MINING LEASE","20526","TERRITORY MINERALS LTD"
"36069","BLACK SPARKLE","4.8 KM SSE OF IRVINEBANK.","MINING LEASE","20224","CAPRICORN MINERALS PTY LTD"
"36089","BRASS BOTTLE","6.5 KM N OF IRVINEBANK.","EXPLORATION PERMIT MINERAL","14016","HERBERTON TIN PTY LTD"
"36114","CASSOWARY CREEK DEEP LEAD","10KM SW OF HERBERTON.","MINING LEASE","20399","BYRNE"
"36121","CHINAMAN CREEK","4.2 KM NNW OF IRVINEBANK.","MINING LEASE","20391","WALLACE"
"36133","COMENO","8.2KM WEST OF IRVINEBANK, 80KM SW OF CAIRNS.","EXPLORATION PERMIT MINERAL","14016","HERBERTON TIN PTY LTD"
"36136","CONFEDERATION","5.5 KM W OF HERBERTON.","EXPLORATION PERMIT MINERAL","14016","HERBERTON TIN PTY LTD"
"36164","DEADMAN CREEK","10.3KM NORTH OF IRVINEBANK, 70KM SW OF CAIRNS.","EXPLORATION PERMIT MINERAL","14016","HERBERTON TIN PTY LTD"
"36165","DECEPTION CREEK","12.9 KM SSE OF MAREEBA.","MINING LEASE","4878","WALLACE"
"36174","TINAROO","10.6 KM SSE OF MAREEBA.","MINING LEASE","4879","WALLACE"
"36174","TINAROO","10.6 KM SSE OF MAREEBA.","MINING LEASE","5078","WALLACE"
"36174","TINAROO","10.6 KM SSE OF MAREEBA.","MINING LEASE","20291","WALLACE"
"36174","TINAROO","10.6 KM SSE OF MAREEBA.","MINING LEASE","20318","WALLACE"
"36200","EUREKA CREEK","12.5 KM N OF IRVINEBANK.","MINING LEASE","20094","EACHAM ABRASIVE BLASTING PTY LTD"
"36207","FEDERATION","5.3KM WEST OF HERBERTON, 60KM SW OF CAIRNS.","EXPLORATION PERMIT MINERAL","14016","HERBERTON TIN PTY LTD"
"36218","GIBBS CREEK","5.7 KM NW OF IRVINEBANK.","MINING LEASE","20065","MITCHELL"
"36218","GIBBS CREEK","5.7 KM NW OF IRVINEBANK.","MINING LEASE","20065","QUINN"
"36229","GOVERNOR NORMAN","2.0KM E OF IRVINEBANK, 75KM SW OF CAIRNS.","EXPLORATION PERMIT MINERAL","14741","HERBERTON TIN PTY LTD"
"36233","GREAT SOUTHERN TIN","2.5KM SOUTH OF IRVINEBANK, 75KM SW OF CAIRNS.","MINING LEASE","20364","BYRNE"
"36233","GREAT SOUTHERN TIN","2.5KM SOUTH OF IRVINEBANK, 75KM SW OF CAIRNS.","MINING LEASE","20435","BYRNE"
"36253","HERBERTON DEEP LEAD","FROM HERBERTON TO THE MILLSTREAM.","MINING LEASE","3914","ROBINSON"
"36289","GREAT NORTHERN EAST","0.5 KM NE OF HERBERTON.","EXPLORATION PERMIT MINERAL","14741","HERBERTON TIN PTY LTD"
"36291","GREAT NORTHERN GULLY","0.3 KM NE OF HERBERTON.","EXPLORATION PERMIT MINERAL","14741","HERBERTON TIN PTY LTD"
"36419","ISABEL","2.5KM WEST OF HERBERTON, 60KM SW OF CAIRNS.","EXPLORATION PERMIT MINERAL","14016","HERBERTON TIN PTY LTD"
"36434","JUMNA","3.6 KM NNE OF IRVINEBANK, 70KM SW OF CAIRNS.","MINING LEASE","20389","HERBERTON TIN PTY LTD"
"36444","LADY AGNES","7.8 KM W OF IRVINEBANK.","MINING LEASE","3807","COMPASS MINING PTY LTD"
"36452","LANCELOT","8.2 KM ESE OF IRVINEBANK.","EXPLORATION PERMIT MINERAL","14741","HERBERTON TIN PTY LTD"
"36462","LIMESTONE HILL","11.7 KM SE OF MAREEBA.","MINING LEASE","20115","WILKINS"
"36482","M & R","6.7KM ESE OF IRVINEBANK, 70KM SW OF CAIRNS.","EXPLORATION PERMIT MINERAL","14741","HERBERTON TIN PTY LTD"
"36493","DINA","7.2 KM ESE OF MAREEBA.","MINING LEASE","5118","CORMIN RESOURCES PTY LTD"
"36493","DINA","7.2 KM ESE OF MAREEBA.","MINING LEASE","20160","CORMIN RESOURCES PTY LTD"
"36505","MISSANT","4.8 KM SSE OF IRVINEBANK.","MINING LEASE","20224","CAPRICORN MINERALS PTY LTD"
"36533","MOUNT AGNES","2.2 KM NNW OF IRVINEBANK.","MINING LEASE","20436","SMITH"
"36543","MOUNT ORMONDE","4.9KM EAST OF IRVINEBANK, 70KM SW OF CAIRNS.","EXPLORATION PERMIT MINERAL","14741","HERBERTON TIN PTY LTD"
"36561","NEW ENDEAVOUR","4.2 KM E OF IRVINEBANK.","MINING LEASE","3895","ATKINSON"
"36573","BLACK BESS","17.6KM NNE OF DIMBULAH, 55KM WEST OF CAIRNS.","EXPLORATION PERMIT MINERAL","9869","TERRITORY MINERALS LTD"
"36573","BLACK BESS","17.6KM NNE OF DIMBULAH, 55KM WEST OF CAIRNS.","MINING LEASE","20525","TERRITORY MINERALS LTD"
"36574","EDITH","18.9 KM NE OF DIMBULAH.","MINING LEASE","20525","TERRITORY MINERALS LTD"
"36575","ETHEL EXTENDED","18.1 KM NNE OF DIMBULAH.","EXPLORATION PERMIT MINERAL","9869","TERRITORY MINERALS LTD"
"36575","ETHEL EXTENDED","18.1 KM NNE OF DIMBULAH.","MINING LEASE","20525","TERRITORY MINERALS LTD"
"36576","ETHEL","18.1KM NNE OF DIMBULAH, 55KM WEST OF CAIRNS.","EXPLORATION PERMIT MINERAL","9869","TERRITORY MINERALS LTD"
"36576","ETHEL","18.1KM NNE OF DIMBULAH, 55KM WEST OF CAIRNS.","MINING LEASE","20525","TERRITORY MINERALS LTD"
"36581","UNNAMED 074181","17.6 KM NNE OF DIMBULAH.","MINING LEASE","20525","TERRITORY MINERALS LTD"
"36582","UNNAMED 080190","18.6 KM NNE OF DIMBULAH.","MINING LEASE","20525","TERRITORY MINERALS LTD"
"36583","UNNAMED 081190","18.7 KM NNE OF DIMBULAH.","MINING LEASE","20525","TERRITORY MINERALS LTD"
"36584","UNNAMED 084190","18.8 KM NNE OF DIMBULAH.","MINING LEASE","20525","TERRITORY MINERALS LTD"
"36585","UNNAMED 085182","18.1 KM NNE OF DIMBULAH.","MINING LEASE","20525","TERRITORY MINERALS LTD"
"36586","UNNAMED 090189","19.0 KM NNE OF DIMBULAH.","MINING LEASE","20525","TERRITORY MINERALS LTD"
"36588","UNNAMED 094181","18.6 KM NE OF DIMBULAH.","MINING LEASE","20525","TERRITORY MINERALS LTD"
"36591","NAVAN HILL","18.6 KM NE OF DIMBULAH.","EXPLORATION PERMIT MINERAL","9869","TERRITORY MINERALS LTD"
"36591","NAVAN HILL","18.6 KM NE OF DIMBULAH.","MINING LEASE","20526","TERRITORY MINERALS LTD"
"36644","PANORAMA","7.6 KM E OF EMUFORD.","MINING LEASE","3846","CROSS"
"36651","PEACEMAKER","14.2KM WNW OF HERBERTON, 65KM SW OF CAIRNS.","EXPLORATION PERMIT MINERAL","14741","HERBERTON TIN PTY LTD"
"36693","RED KING","2.2 KM S OF IRVINEBANK.","MINING LEASE","20364","BYRNE"
"36693","RED KING","2.2 KM S OF IRVINEBANK.","MINING LEASE","20435","BYRNE"
"36777","BOWYANG","13.0 KM N OF IRVINEBANK.","MINING LEASE","3959","HERBERTON TIN PTY LTD"
"36786","ECLIPSE","13.1 KM N OF IRVINEBANK.","MINING LEASE","3959","HERBERTON TIN PTY LTD"
"36790","GENERAL WHITE?","12.6 KM N OF IRVINEBANK.","MINING LEASE","4464","EACHAM ABRASIVE BLASTING PTY LTD"
"36799","HOME RULE","13.0 KM NNE OF IRVINEBANK.","MINING LEASE","20135","CRISP"
"36800","HORNET'S NEST","12.6 KM N OF IRVINEBANK.","MINING LEASE","4464","EACHAM ABRASIVE BLASTING PTY LTD"
"36807","IVANHOE","13.2 KM N OF IRVINEBANK.","MINING LEASE","3957","HERBERTON TIN PTY LTD"
"36807","IVANHOE","13.2 KM N OF IRVINEBANK.","MINING LEASE","3959","HERBERTON TIN PTY LTD"
"36811","KITCHENER EXTENDED","13.9 KM N OF IRVINEBANK.","MINING LEASE","3918","HERBERTON TIN PTY LTD"
"36811","KITCHENER EXTENDED","13.9 KM N OF IRVINEBANK.","MINING LEASE","3948","HERBERTON TIN PTY LTD"
"36812","KITCHENER","13.5 KM N OF IRVINEBANK.","MINING LEASE","3802","HERBERTON TIN PTY LTD"
"36823","MONARCH","13.3 KM N OF IRVINEBANK.","MINING LEASE","3959","HERBERTON TIN PTY LTD"
"36831","SHASTA","13.7 KM N OF IRVINEBANK.","MINING LEASE","20079","EACHAM ABRASIVE BLASTING PTY LTD"
"36842","YAM","13.0 KM N OF IRVINEBANK.","MINING LEASE","3959","HERBERTON TIN PTY LTD"
"36843","YOU & ME","14.1KM NORTH OF IRVINEBANK, 65KM SW OF CAIRNS.","MINING LEASE","3881","HERBERTON TIN PTY LTD"
"36860","UNNAMED 097849","13.0 KM N OF IRVINEBANK.","MINING LEASE","3959","HERBERTON TIN PTY LTD"
"36862","UNNAMED 099852","13.3 KM N OF IRVINEBANK.","MINING LEASE","3959","HERBERTON TIN PTY LTD"
"36967","BAAL GAMMON","6.4KM WEST OF HERBERTON, 65KM SW OF CAIRNS.","MINING LEASE","20388","BAAL GAMMON COPPER PTY LTD"
"36991","VALETTA","1.7KM ENE OF IRVINEBANK, 75KM SW OF CAIRNS.","MINING LEASE","20066","MGT RESOURCES LIMITED"
"37000","VULCAN TIN","0.9 KM W OF IRVINEBANK.","MINING LEASE","4253","HERBERTON TIN PTY LTD"
"37031","WORLD'S FAIR","2.4KM EAST OF IRVINEBANK, 70KM SW OF CAIRNS.","EXPLORATION PERMIT MINERAL","14741","HERBERTON TIN PTY LTD"
"37140","UNNAMED 087698","2.2 KM SSW OF IRVINEBANK.","MINING LEASE","20435","BYRNE"
"37150","UNNAMED 090700","2.0 KM S OF IRVINEBANK.","MINING LEASE","20435","BYRNE"
"37223","LITTLE MIRACLE","3.4 KM SSE OF IRVINEBANK.","MINING LEASE","20081","HARDWICK"
"37246","UNNAMED 115160","18.3 KM NE OF DIMBULAH.","MINING LEASE","20525","TERRITORY MINERALS LTD"
"37281","WHITE'S LEASE?","MT.WHITE, 14.8 KM E OF DIMBULAH.","MINING LEASE","4971","WALLACE"
"37639","RAYLEEN","2.3 KM NNW OF EMUFORD.","MINING LEASE","20354","WALLACE"
"37759","BEAVERBROOK","26.3KM W OF NYCHUM HS.","MINING LEASE","4798","MUNGANA GOLDMINES LTD"
"37788","KING VOL","24KM NW OF MUNGANA, 150KM WEST OF CAIRNS.","EXPLORATION PERMIT MINERAL","7672","MUNGANA GOLDMINES LTD"
"37792","MONTE VIDEO","20.5KM WSW OF NYCHUM HS.","EXPLORATION PERMIT MINERAL","7672","MUNGANA GOLDMINES LTD"
"37793","NOLANS","30.2KM W OF NYCHUM HS.","EXPLORATION PERMIT MINERAL","14108","MUNGANA GOLDMINES LTD"
"37796","NOLAN'S CREEK","11.3KM W OF NYCHUM HS.","MINING LEASE","20426","PERLCO PTY LIMITED"
"37801","OK MINE","11.4KM SE OF BELLEVUE HS.","MINING LEASE","4805","OZMIN RESOURCES PTY LTD"
"37801","OK MINE","11.4KM SE OF BELLEVUE HS.","MINING LEASE","4806","OZMIN RESOURCES PTY LTD"
"37801","OK MINE","11.4KM SE OF BELLEVUE HS.","MINING LEASE","4809","OZMIN RESOURCES PTY LTD"
"37801","OK MINE","11.4KM SE OF BELLEVUE HS.","MINING LEASE","4813","OZMIN RESOURCES PTY LTD"
"37801","OK MINE","11.4KM SE OF BELLEVUE HS.","MINING LEASE","5038","OZMIN RESOURCES PTY LTD"
"37821","TARTANA","40KM NW OF CHILLAGOE","MINING LEASE","4819","MEYER"
"37821","TARTANA","40KM NW OF CHILLAGOE","MINING LEASE","4820","MEYER"
"37821","TARTANA","40KM NW OF CHILLAGOE","MINING LEASE","5312","MEYER"
"37821","TARTANA","40KM NW OF CHILLAGOE","MINING LEASE","20489","MEYER"
