"SITE_NO","MAIN_OCCUR_NAME","Type of Text","TEXT"
"0","WALKERS","DEPOSIT OWNERSHIP DETAILS/OWNERSHIP HISTORY","ML 80048 is held by Gregory Alan Callaghan."
"0","WALKERS","SUMMARY COMMENTS","There is a small quarry in the hillside. It was not being worked when visited in February 2005."
"0","WALKERS","ABSTRACT/SUMMARY OF SITE","weathered shale (clay)"
"7518","ANDERLEIGH SANDSTONE QUARRY","ABSTRACT/SUMMARY OF SITE","SDST"
"7602","ANDERLEIGH SLATE QUARRY","ABSTRACT/SUMMARY OF SITE","ARNT"
"13723","HURLEY'S 2","ABSTRACT/SUMMARY OF SITE","PHYL/SLAT"
"13724","HURLEY'S","ABSTRACT/SUMMARY OF SITE","PB-CB CGLM O/LYING SLATE"
"13895","RIP & TEAR  LEAD","ABSTRACT/SUMMARY OF SITE","GY Q-RICH PHYL O/LAIN BY POLYMICT BD CGLM - WORKED FOR AU"
"13895","RIP & TEAR  LEAD","HISTORICAL INFORMATION ABOUT SITE","ML 287"
"13895","RIP & TEAR  LEAD","GENERAL SITE COMMENTS","SITE ID RECORDED BY I WITHNALL IN 1992."
"13912","VENUS LEAD","ABSTRACT/SUMMARY OF SITE","PB-CB CGLM - ALLUVIAL AU WORKINGS"
"13912","VENUS LEAD","MINE WORKINGS COMMENTS","MAINLY SURFACE MINING, SHAFT SUNK TO 10 M WITH LITTLE RETURN (BALL, 1905)"
"13912","VENUS LEAD","MINERAL OCCURRENCE REMARKS","GOLD OCCURS IRREGULARLY IN THE WASH WHICH IS VERY PATCHY."
"13915","BLACKSMITH'S GULLY LEAD","ABSTRACT/SUMMARY OF SITE","PALE GN PHYL - ALLUVIAL AU WORKINGS"
"13915","BLACKSMITH'S GULLY LEAD","HISTORICAL INFORMATION ABOUT SITE","ML1478"
"13915","BLACKSMITH'S GULLY LEAD","OLD MINING TENURE INFORMATION","SHOWN AS BLACKSMITH'S GULLY LEAD ON MAP 1 OF RANDS (1886)"
"13915","BLACKSMITH'S GULLY LEAD","MINE WORKINGS COMMENTS","Workings are both alluvial and eluvial."
"13915","BLACKSMITH'S GULLY LEAD","MINERAL OCCURRENCE REMARKS","Wash consists of mainly angular quartz pebbles, ferruginous, minor ironstone and some phyllite."
"13996","UNNAMED 610767","ABSTRACT/SUMMARY OF SITE","Q-PB CGLM"
"13996","UNNAMED 610767","GENERAL SITE COMMENTS","ALLUVIAL GOLD WORKINGS"
"13996","UNNAMED 610767","OTHER REMARKS","TO BE FIELD CHECKED 2004."
"25560","UNNAMED 586960","ABSTRACT/SUMMARY OF SITE","MINE SHAFT"
"25560","UNNAMED 586960","GRID REFERENCE (6 FIGURE OR YARD)","587961"
"25560","UNNAMED 586960","GENERAL SITE COMMENTS","FOMERLY LHCL214 (GEOL)"
"25560","UNNAMED 586960","MINERAL OCCURRENCE REMARKS","Shaft is probably part of a more extensive mine under the basalt. Heavy machinery and tailings indicate a larger system of workings."
"29292","UNNAMED 307629","LOCATION ACCURACY (MINOCC)","Pit was not located during field work."
"29292","UNNAMED 307629","MINERAL OCCURRENCE REMARKS","Hematite stained quartz float, hosted in sericite altered granodiorite."
"36001","MIAMBA","MINERAL OCCURRENCE REMARKS","Five small lenses of limestone crop out north of Miamba. The limestone is light to dark grey and fossiliferous, with some interbedded sediments. Some grey, medium to coarse-grained crinoidal marble was noted during a field inspection. The lenses are 230"
"36001","MIAMBA","MINERAL OCCURRENCE REMARKS","to 460 m long by 60 to 90 m wide. Relief is low and the outcrops are probably cavernous. Samples assayed 53.5 and 55.4 % CaO."
"36001","MIAMBA","SUMMARY COMMENTS","Limestone is light to dark grey and fossiliferous, with some interbedded sediments."
"36001","MIAMBA","OLD MINING TENURE INFORMATION","No current ML tenure as at 12/02/14 (FVG) EPM 19457 since 2013."
"36001","MIAMBA","ABSTRACT/SUMMARY OF SITE","Five small lenses of limestone crop out north of Miamba. The limestone is light to dark grey and fossiliferous, with some interbedded sediments. Some grey, medium to coarse-grained crinoidal marble was noted during a field inspection."
"36002","PINNACLE","MINERAL OCCURRENCE REMARKS","The Pinnacle deposit comprises two main outcrops north and south of the  Glenlyon Dam road. The southern section is moderately iron-contaminated. The northern section comprises 85% of the deposit. Good quality limestone is exposed for 1000m along strike."
"36002","PINNACLE","MINERAL OCCURRENCE REMARKS"," The limestone is tightly crystalline and massive, with little evidence of cavity formation. Outcrops have a topographic relief of 15 to 25 m and overburden is minimal. The average assay result for drill core was 55.9%CaO,0.015%Fe2O3,0.014%Al2O3,0.06%SiO"
"36002","PINNACLE","MINERAL OCCURRENCE REMARKS","2,0.25%MgO, and 43.84% loss on ignition. The limestone is suitable for Portland cement and white glass manufacture. The relief and extent of the deposit are suitable for large scale quarrying."
"36002","PINNACLE","LOCATION ACCURACY (MINOCC)","Inferred Resource >1 000 000 t/vertical metre (Siemon,1973). Probable Reserves 2 000 000 t (CR 7066)."
"36002","PINNACLE","OLD MINING TENURE INFORMATION","ML 5921/445,5922/454,5924/457 (MLA 444). ML 50141."
"36002","PINNACLE","MINERAL OCCURRENCE REMARKS","The current lease, ML 50141, is held by Unimin Lime (NSW) Pty Ltd, which has been renamed Sibelco"
"36002","PINNACLE","SUMMARY COMMENTS","The Pinnacle deposit comprises two main outcrops north and south of the Glenlyon Dam road. The limestone is tightly crystalline and massive with little evidence of cavity formation."
"36002","PINNACLE","SUMMARY COMMENTS","The average assay result from dill core was 55.9% CaO, 0.015% Fe2O3, 0.014% Al2O3, 0.06% SiO2, 0.25% MgO and 43.84% loss on ignition."
"36002","PINNACLE","WEB PAGE ADDRESS","www.unimin.com.au"
"36003","RIVERTON","MINERAL OCCURRENCE REMARKS","Three connected outcrops form this deposit. The limestone is light to dark grey in colour; there is some near-surface cavern development. A 15 m wide band of limestone breccia occurs on the eastern side of the outcrop; minimum outcrop height is 50 m. Ove"
"36003","RIVERTON","MINERAL OCCURRENCE REMARKS","rburden is minimal to non-existent and the deposit is suitable for large scale quarrying. Bulk surface samples gave average assays of 55.7% CaO,0.2% MgO,0.17% SiO2,0.01% Al2O3, and 0.01% Fe2O3. The deposit is currently quarried by Australian Limestone Pt"
"36003","RIVERTON","MINERAL OCCURRENCE REMARKS","y Ltd, mainly for the glass manufacturing market. The quarry is on ML 456 (5923-Brisbane). Production for 1982-88 includes 99 167 t agricultural lime, 5 261 t limestone flux, and 101 949 t of other limestone products."
"36003","RIVERTON","LOCATION ACCURACY (MINOCC)","Inferred Resource 4 million t/vertical metre (Siemon,1973). Indicated Resource 400 million t to 80 m depth (CR 7065)."
"36003","RIVERTON","OLD MINING TENURE INFORMATION","ML 5923/456,5930/495,5934/517; MLA 7018/529 (MLA 494,496).
ML 50142"
"36003","RIVERTON","SUMMARY COMMENTS","Three connected outcrops form this deposit. The limestone is light to dark grey in colour. Bulk surface samples gave average assays of 55.7% CaO, 0.2% MgO, 0.17% SiO2, 0.01% Al2O3 and 0.01% Fe2O3."
"36003","RIVERTON","WEB PAGE ADDRESS","http://www.sibelco.com.au"
"36003","RIVERTON","SUMMARY COMMENTS","Operated by Unimin Lime (NSW) Pty Ltd. In 2011 Unimin Australia and New Zealand adopted parent company name 'Sibelco' and registered name change with ASIO in 2010."
"36003","RIVERTON","ABSTRACT/SUMMARY OF SITE","Light to dark grey limestone, limestone breccia; also shale and volcanic rock"
"36003","RIVERTON","MINERAL OCCURRENCE REMARKS","Sibelco quoted on 2012 website: Typical analysis of Riverton Limestone at 96% CaCO3 and 0.7% MgCO3."
"36003","RIVERTON","SUMMARY COMMENTS","David Mitchell (NSW) Pty Ltd, Unimin Lime (NSW) Pty Ltd and Sibelco Lime (NSW) Pty Ltd are all the same company (name changes only). Sibelco acquired the project in 2011 (Quarried by Sibelco Lime (NSW) Pty Ltd)."
"36004","UNNAMED 353902","MINERAL OCCURRENCE REMARKS","Cobbles of MnO2 were reported to occur on the surface for 150 m along a ridge. Two costeans intersected a number of jasper and quartz veins. There is little MnO2 below 2 m depth. There is some evidence of Sb being leached from quartz crystal faces in vug"
"36004","UNNAMED 353902","MINERAL OCCURRENCE REMARKS","hs in the veins, but no Sb minerals are evident. One rock sample assayed 40 ppm Sb; assay results were discouraging. A field inspection failed to locate any cobbles of MnO2, but the tuffaceous siltstone country rock is heavily manganese-stained, with som"
"36004","UNNAMED 353902","MINERAL OCCURRENCE REMARKS","e calcite veining. A red, ferruginous chert forms the top of the ridge. Crystalline, vughy quartz veins in the chert and siltstone are up to 100 mm wide, with no evidence of any mineralisatiion."
"36005","A1 LINE?","MINERAL OCCURRENCE REMARKS","This mine is on the A1 shear which is one of the longest shears in the Emuford area, along with the Johnny Walker line. Mines on this shear were abandoned when the tin lodes passed into complex sulphide lodes containing little or no CST or CST was enclos"
"36005","A1 LINE?","MINERAL OCCURRENCE REMARKS","ed in sulphides, making it difficult to treat. Jensen records the A1 line as 800m long with potholes and shafts along its entire length. About midway along the line, it is reported that small, north-striking vertical cross formations, 0.4m wide have been"
"36005","A1 LINE?","MINERAL OCCURRENCE REMARKS","worked by 2 small shafts."
"36006","ADA HARROD","MINERAL OCCURRENCE REMARKS","Minor chloritic alteration accompanies the tourmalinisation. Most workings are concentrated in the central part of area, but some minor pits and shafts (mainly older workings) are scattered over the hill. The granite contact is located about 200m to the"
"36006","ADA HARROD","MINERAL OCCURRENCE REMARKS","north. This mine was described by Blake(1972) as 'Alice Harrod' but is considered by the authors to be the Ada Harrod. A selected grab sample assayed 2.0% Sn, <0.1% W and a scan revealed >0.1-<1% Mg,K; <0.1% Sb,Zr,Nb,Y,Rb,Sr,As,Pb,Mn,Ti,Ca."
"36007","ADMIRAL","MINERAL OCCURRENCE REMARKS","The main shaft has 'rabbit warren' interconnected workings. There is more silicic ore here than at the adjacent Arbouin Mine, which is situated only a few hundred metres from here. The dip of the fracture shallows out to 50deg in the workings in the gull"
"36007","ADMIRAL","MINERAL OCCURRENCE REMARKS","y. Drilling by Loloma Ltd confirmed the flattening out of the lode which is a typical Q/CHL shear known locally as the Admiral Shear. Drillholes passed through several zones of Q/CHL alteration before the main shear, which has a true thicknesss at depth"
"36007","ADMIRAL","MINERAL OCCURRENCE REMARKS","of about 1.0-1.5m."
"36007","ADMIRAL","OLD MINING TENURE INFORMATION","HERBERTON: ML7923'Arbouin Extd.'."
"36007","ADMIRAL","WEB PAGE ADDRESS","www.nqm.com.au"
"36008","ADVENTURE","MINERAL OCCURRENCE REMARKS","Mining was reported to have been carried out on 7 levels. This mine was re-developed in the 1970's in conjunction with other adjoining leases as follows: ML4822'Democrat, ML4838'East Adventure', ML 4838'South Adventure', ML4840'West Adventure', ML5059'Gr"
"36008","ADVENTURE","MINERAL OCCURRENCE REMARKS","eat Scott', ML5060'North Adventure'. The grid references point refers to the top of the hill where shafts have been dug on two intersecting fractures striking 165deg/65deg W dip and 130deg/60deg W dip. A large adit 150m west has been driven along an old"
"36008","ADVENTURE","MINERAL OCCURRENCE REMARKS","adit, at right angles to the lode and an even larger adit 250m NW has been driven along the main shear (grid.ref.030706). Ore was massive sulphide type, and the plunge of the ore shoots was measured by Loloma Ltd at 55deg to 200deg (CR15229). (see over)"
"36008","ADVENTURE","MINERAL OCCURRENCE REMARKS","Metals Exploration NL carried out about 700 m of tunnel driving while mining in the 1960's. Total production during this period was 373 tons conc. from 9615 tons ore. Average head grade was 3.4% Sn. During 1973-1976, 900 t of CST concentrates were won."
"36008","ADVENTURE","OLD MINING TENURE INFORMATION","HERBERTON: ML4736'Great Adventure', ML 3862, ML 3873, ML 3911."
"36008","ADVENTURE","SUMMARY COMMENTS","Mining is reported to have been carried out on 7 levels.  Ore was massive sulphide type, plunging 55 degrees to 200 degrees."
"36008","ADVENTURE","WEB PAGE ADDRESS","www.montominerals.com"
"36009","AGNES","MINERAL OCCURRENCE REMARKS","CST occurs in a ferruginous, highly cellular matrix. The ore is completely oxidised even 76m below the outcrop, and is characterised by an abundance of cavities(vughs)."
"36010","AGNES EXTENDED NO. 1","MINERAL OCCURRENCE REMARKS","This mine is on the same fracture as the Lady Agnes mine, 250m to the NNW. Costeaning on the southern end around a pit which is ~70m south of the main workings shows a cockscomb quartz vein with traces of brown CST on the margins."
"36010","AGNES EXTENDED NO. 1","OLD MINING TENURE INFORMATION","HERBERTON: ML5609'Agnes Extended No. 1'."
"36011","AGNES","MINERAL OCCURRENCE REMARKS","Mineralisation is mainly confined to 1-2m wide subparallel shear/fault zone in strongly bedded/cleaved ferruginous meta-silstone, inter-bedded with a fine-grained, ferruginous meta-arenite composed mainly of quartz and very minor mica. Cross faults and d"
"36011","AGNES","MINERAL OCCURRENCE REMARKS","rag folds with steep to shallow bedding have been developed in the meta-siltstone. Opencuts and deep shafts followed three separate lodes in en-echelon fault zones. It was reported that the lodes strike 120, 170 and 110deg. This deposit and the Westward"
"36011","AGNES","MINERAL OCCURRENCE REMARKS","Ho were the major silver lead mines in the southern half of Silver Valley and may have smelted ores from nearby mines. Production grades in 1938 were 50-150 ozs/ton, 50-60% Pb. Jack(1883) reported that the John Bull mine was adjacent to the east."
"36011","AGNES","OLD MINING TENURE INFORMATION","HERBERTON: (ML4711 'Agnes')."
"36012","AJAX STAR","MINERAL OCCURRENCE REMARKS","The lode is in arsenical, silicified granite. The surrounding granite exhibits alteration of feldspars to a green clay."
"36013","ALBION","MINERAL OCCURRENCE REMARKS","These are small workings on an extension of the Cosgrove fracture system. One percussion drillhole is sited 30m southwest of here."
"36014","ALEXANDER","MINERAL OCCURRENCE REMARKS","ARDM reports state that a fault cut off the ore body at 36m depth."
"36014","ALEXANDER","OLD MINING TENURE INFORMATION","HERBERTON: ML5348'Streak Hill North'."
"36015","ALEXANDRA","MINERAL OCCURRENCE REMARKS","Tin mineralisation is confined to a 0.45m wide zone on either side of a fault striking 160deg/70-80deg SW dip. The lode is offset 15m by a fault striking 000deg/75deg W dip. The adit is driven into the hill on a bearing of 160 degrees. Opencut and trench"
"36015","ALEXANDRA","MINERAL OCCURRENCE REMARKS"," excavations are more recent workings that have been carried out in the area. Production grade reported in 1906 was 2% tin."
"36016","ALEXANDRIA","MINERAL OCCURRENCE REMARKS","Pit and shaft workings extend for about 30 metres on a line bearing 120 degrees. Three shears have been worked on in the area; dimensions and orientations are given above for all three. Tourmaline mineralisation occurs in quartz. A selected grab sample a"
"36016","ALEXANDRIA","MINERAL OCCURRENCE REMARKS","ssayed 0.1% Sn. An XRF scan revealed: major(>1%) Si,Al,Fe; minor(0.1-1%) Mg,Sn."
"36017","ALF ROSE","MINERAL OCCURRENCE REMARKS","The workings are located within the northern tip of the Alf Rose lease which is situated mainly on the northern boundary of the Ravenshoe 1:100 000 Sheet. Workings followed subparallel quartz veins up to 5cm wide in a greisen formation composed of medium"
"36017","ALF ROSE","MINERAL OCCURRENCE REMARKS","-grained sacchoroidal quartz and minor mica. The quartz veins are enclosed in small chloritic zones with cassiterite occurring as fine grains and veinlets in quartz veins as well as in greisen. The greisen grades into coarse-grained pink granitic country"
"36017","ALF ROSE","MINERAL OCCURRENCE REMARKS"," rock."
"36018","ALICE HARROD","MINERAL OCCURRENCE REMARKS","The dposit comprises pipe lodes of sheared ferruginous meta-sediments occurring on the intersections of NW-trending faults which dip steeply to the NE, and 170deg striking faults. Sheared zones in the main shaft area strike ~060deg. The main shaft (verti"
"36018","ALICE HARROD","MINERAL OCCURRENCE REMARKS","cal) is sunk in unsheared arenite adjacent to a sheared zone. The granite contact (?faulted) is about 350m to the north. Note that the 'Alice Harrod' group of leases is wrongly plotted on the lease maps. This mine was described by Blake(1972) as the 'Lad"
"36018","ALICE HARROD","MINERAL OCCURRENCE REMARKS","y Harrod'."
"36019","ALICE HARROD EXTD. SOUTH","MINERAL OCCURRENCE REMARKS","These workings are on a probable continuation of the 'Alice Harrod' lode. The 'Alice Harrod' group of leases is incorrectly plotted on the lease plan. This lease is adjacent to ML4790'Alice Harrod'"
"36019","ALICE HARROD EXTD. SOUTH","OLD MINING TENURE INFORMATION","HERBERTON: ML5042'Alice Harrod Extd. South'."
"36020","ALICE HARROD EXTENDED EAST","MINERAL OCCURRENCE REMARKS","The main shafts are located in 0.8m wide sheared zone. One pit is located ~60m SW of main workings. Note that the 'Alice Harrod' group of leases is incorrectly plotted on the lease map."
"36020","ALICE HARROD EXTENDED EAST","OLD MINING TENURE INFORMATION","HERBERTON: ML5043'Alice Harrod Extd. East'."
"36021","ALL NATIONS","MINERAL OCCURRENCE REMARKS","Tin mineralisation occurred in small, high grade pockets in quartz reefs. There are two lines of lode. At the western end, the upper line is a massive, white, opaque quartz lode striking 060deg in quartz-chlorite rock. The country rock here is a silicifi"
"36021","ALL NATIONS","MINERAL OCCURRENCE REMARKS","ed and partly chloritised granite. At the eastern end (top of spur) it is a chlorite lode in quartz-chlorite rock. The lower line is ~40m north, extending east from a spur crest and strikes 095deg. It is siliceous and is in sericitised silicified granite"
"36021","ALL NATIONS","MINERAL OCCURRENCE REMARKS"," country rock. Quartz is light grey, granular to massive and translucent. This lode carries ASPY and PY."
