"LAB_CODE","LAB_NAME"
"WEATH","WEATHERFORD LABORATORIES"
"STRATA","STRATA TESTING SERVICES"
"GEOCON","GEOCONSULT GAS LAB"
"EDC","EXPLORATION DATA CENTRE"
"MMCS","MT MORGAN CORE STORE"
"MICS","MT ISA CORE STORE"
"GEOS4","GEOS4 GMBH"
"ALSL","ALS LIMITED"
"BURVE","BUREAU VERITAS"
"PMLA","PERTH METALLURGICAL LAB/AMDEL FINISH"
"INAL","INTERNATIONAL NICKEL LAB, BOULDER, WA"
"QGCL","QUEENSLAND GOVERNMENT CHEMICAL LABORATORY"
"PEKO","MOUNT MORGAN LAB,GEOPEKO"
"ACM","ACM PAPLEY WILKINSON, PERTH"
"WMC","WESTERN MIMING CORPORATION, BALLARAT"
"NMAL","NICKELMINES ASSAY LABORATORIES, SYDNEY"
"UNK","UNKNOWN"
"TET","TETCHEM LABORATORIES CAIRNS"
"SAM","SAMPEY EXPLORATION SERVICES, PERTH"
"PIL","PILBARA LABORATORIES"
"MIM","MT ISA MINES RESEARCH LABORATORIES"
"MET","METANA MINERALS"
"GEN","GENALYSIS"
"COM","CLASSIC COMLABS"
"ANS","ANALYTICAL SERVICES PTY LTD, KENMORE"
"AMAM","AMOCO MT DORE & AMDEL, ADELAIDE"
"AAL","AUSTRALIAN ASSAY LABORATORIES"
"PKM","PICKLANDS MATHER & CO INTERNATIONAL"
"ANAC","ANACONDA AUSTRALIA LABORATORIES, PERTH"
"SGS","SGS GROUP MACKAY: SOCIETE GENERALE DE SURVEILLANCE"
"SER","SERTEC LABORATORIES, KALGOORLIE"
"AMAC","AMACHEM: ASSOC.MINERAL & AGRIC.CHEM. LAB"
"ASEL","AUSTRALIAN SELECTION LABORATORIES,SYDNEY"
"MCP","MCPHAR LABORATORY, MT ISA"
"GP","GEOPHOTO LAB, BRISBANE"
"AULAS","AUSTRALIAN LABORATORY SERVICES"
"ALAN","ALS/ANALABS MIXED ANALYSIS"
"ANALA","ANALABS"
"AST","ATROLABE, PNG"
"ECM","EASTERN COPPER MINES LABORATORY, MT ISA"
"GSQ","GEOLOGICAL SURVEY OF QUEENSLAND"
"JOD","JODODEX LABORATORIES, WOODLAWN, NSW"
"TCRR","TETCHEM, CAIRNS & ROBERTSON RESEARCH, BOWRAL"
"ZCL","ZINC CORPORATION LABORATORIES, BROKEN HILL, NSW"
"GA","GEOSCIENCE AUSTRALIA"
"AGAT","AGAT CONSULTANTS LTD"
"AGL","AGL PETROLEUM LTD"
"APC","AMERADA PETROLEUM COMPANY"
"APGCO","APG CONSULTANTS"
"AUSCO","AUSCORE"
"AUANA","AUSTRALIAN ANALYTICAL LABORATORIES"
"AMDEL","AUSTRALIAN MINERAL DEVELOPMENT LABORATORY"
"ANU","AUSTRALIAN NATIONAL UNIVERSITY"
"BARDF","BAROID DRILLING FLUIDS INC"
"BOWL","BOWLER LOGGING CONSULTING SERVICES"
"BHP","BROKEN HILL PTY LTD"
"BMR","BUREAU OF MINERAL RESOURCES"
"SSUPER","CANADIAN SUPERIOR OIL"
"CASCO","CARGO SUPERINTENDENTS CO (A/ASIA) PTY LTD"
"CMS","CENTRAL MINERALOGICAL SERVICES"
"CHEVR","CHEVRON RESEARCH COMPANY"
"CMAAL","CM & A LABORATORIES"
"CGT","COAL GAS TECHONOLOGY COMPANY"
"CGRI","COALSEAM GAS RESEARCH INSTITUTE, JAMES COOK UNIVERSITY"
"CLWAI","CORE LABORATORIES - WESTERN ATLAS INTERNATIONAL INC"
"COLAB","CORE LABORATORIES AUSTRALIA PTY LTD"
"CSA","CORE SERVICES OF AUSTRALIA PTY LTD"
"CSIRO","CSIRO AUSTRALIA"
"CSR","CSR LTD"
"CURTN","CURTIN UNIVERSITY OF WESTERN AUSTRALIA"
"DAA","DAVIES, ALMOND AND ASSOCIATES"
"DIO","DELHI PETROLEUM PTY LTD"
"DCE","DEPARTMENT OF CHEMICAL ENGINEERING"
"DRI","DEPARTMENT OF RESOURCE INDUSTRIES"
"DETTM","DETTMAN M."
"ECL","ECL AUSTRALIA PTY LTD"
"ESSAL","ESSO AUSTRALIA LTD"
"EEPAI","ESSO EXPLORATION AND PRODUCTION AUSTRALIA INC"
"ELOA","EXPLORATION LOGGING OF AUSTRALIA"
"GEAR","GEARHART CORE DATA PTY LTD"
"PLAYG","GEOFFREY PLAYFORD"
"GECOS","GEOTEC CORE SERVICES"
"GEOSE","GEOSERVICES"
"GEOST","GEOSTRAT INCORPORATED"
"GEOTE","GEOTECHNICAL SERVICES"
"GILES","GILES R."
"GLIKM","GLIKSON M."
"HRA","HAROLD READ & ASSOCIATES PTY LTD"
"HOAG","HEMATITE OIL AND GAS"
"HUTTA","HUTTON A. C."
"HYCAL","HYCAL ENERGY RESEARCH LABORATORIES LTD"
"ISI","IN-SITU INC"
"INTER","INTERNATIONAL STRATIGRAPHIC CONSULTANTS PTY LTD"
"MOULT","J.M.MOULTRIE"
"MARTK","K.R.MARTIN PTY LTD"
"KEK","KEIRAVILLE KONSULTANTS PTY LTD"
"JONEM","M.J.JONES"
"MGCRA","MGC RESOURCES AUSTRALIA PTY LTD"
"MAS","MICRO-ANALYTICAL SERVICES"
"MILNE","MILNE L."
"MINAD","MINES ADMINISTRATION PTY LTD"
"MINOR","MINORA RESOURCES NL"
"MINPE","MINPET SERVICES"
"MORGR","MORGAN R."
"MARSN","N.G.MARSHALL"
"OHIO","OHIO OIL COMPANY"
"PALYN","PALYNOLAB RESOURCES PTY LTD"
"PETRO","PETROLAB"
"PEAL","PETROLEUM ENGINEERING ASSOCIATES LTD"
"PETSV","PETROLEUM SERVICES"
"PICKS","PICKERING S."
"PONTI","PONTIFEX & ASSOCIATES PTY LTD"
"PUCHJ","PUCHEL J."
"ROBAS","ROBERTSON RESEARCH (AUSTRALIA) PTY LTD"
"SMTRS","SAFETY IN MINES TESTING & RESEARCH STATION, DME"
"SCHLU","SCHLUMBERGER"
"SGSAU","SGS AUSTRALIA PTY LTD"
"SHELL","SHELL EXPLORATION COMPANY"
"SNPA","SNPA RESEARCH CENTRE"
"SUPEC","SUPERIOR OIL COMPANY"
"TGRG","TENNECO GEOLOGICAL RESEARCH GROUP"
"TEXAC","TEXACO"
"UNQLD","UNIVERSITY OF QUEENSLAND"
"UOCOC","UNION OIL COMPANY OF CALIFORNIA"
"UOD","UNION OIL DEVELOPMENT"
"UTS","UNITED TOOL SERVICES"
"UNNSW","UNIVERSITY OF NEW SOUTH WALES"
"UNSYD","UNIVERSITY OF SYDNEY"
"UNWAS","UNIVERSITY OF WASHINGTON"
"UNWOL","UNIVERSITY OF WOLLONGONG"
"VOC","VACUUM OIL COMPANY"
"WILLA","WILLIAMS A."
"WOODG","WOOD G."
"WOODH","WOODHOUSE G.W."
"GEOCH","GEOCHEM LABORATORIES INC"
"JCU","JAMES COOK UNIVERSITY"
"AGSO","AUSTRALIAN GEOLOGICAL SURVEY OFFICE"
"FCB","FALCONBRIDGE (AUSTRALIA) PTY. LTD., PERTH"
"PLC","PLACER EXPLORATION GEOCHEM LAB, SYDNEY"
"SZX","S-E EXPLORATION SERVICES W.A."
"TECH","LABTECH PTY. LTD. PERTH, W.A"
"SSLPA","SANTOS PALYNOLOGICAL LABORATORIES"
"SIMBR","SIMMONDS & BRISTOW PTY LTD"
"ACS","ACS LABORATORIES PTY LTD"
"FOX","FOX LABORATORIES, SMITHFIELD, NSW"
"EARTH","EARTH DATA PTY LTD"
"STFD","STANFORD UNIVERSITY"
"LATR","LA TROBE UNIVERSITY"
"CIS","CENTRE FOR ISOTOPIC STUDIES, NORTH RYDE, SYDNEY"
"APET","AUSTRALIAN PETROGRAPHICS"
"PTS","PETROGRAPHIC TECHNICAL SERVICES"
"ACIRL","ACIRL LTD"
"ALTEST","ALLIED TESTING PTY LTD, CARRINGTON, NSW"
"GEOGAS","GEOGAS PTY LTD"
"REN","RENISON PETROLEUM CONSULTANTS PTY LTD"
"ERC","ENERGY RESOURCES CONSULTING PTY LTD"
"COOPS","COAL & ORGANIC PETROLOGY SERVICES PTY LTD"
"ALSE","ALS ENVIRONMENTAL"
"GNS","GNS SCIENCE (NZ GEOLOGICAL SURVEY)"
"ALSM","ALS LABORATORY GROUP MINERAL DIVISION"
"SIGRA","SIGRA PTY LTD"
