"OPERATOR_CODE","INDVL_COMPANY","MAIN_NAME","OTHER_NAME"
"AAE","C","AMOCO AUSTRALIA EXPLORATION COMPANY",
"AAO","C","ASSOCIATED AUSTRALIAN OILFIELDS NL",
"AAP","C","AUSTRALIAN AQUITAINE PETROLEUM PTY LIMITED",
"AAR","C","AAR LIMITED",
"AAU","C","AGIP AUSTRALIA PTY LTD",
"ACA","C","ANGLO COAL AUSTRALIA PTY LTD",
"AEI","C","AUSTEX EXPLORATION INC",
"AEL","C","ARROW ENERGY LTD",
"AEQ","C","AMPOL EXPLORATION (QLD) PTY LTD",
"AFO","C","ASSOCIATED FRENEY OIL FIELDS NL",
"AGA","C","AUSTRALIAN GASFIELDS LTD",
"AGE","C","AGL ENERGY LIMITED",
"AGL","C","AGL PETROLEUM LTD",
"AGO","C","AUSTRALIAN GULF OIL COMPANY",
"AGR","C","AGR ASIA PACIFIC",
"AJC","I","A J CAWOOD",
"ALT","C","ALTANA EXPLORATION COMPANY",
"AMP","C","AMPOLEX (PPL) PTY LIMITED",
"AMX","C","AMPOL EXPLORATION LIMITED",
"ANG","C","ANGLO COAL (DAWSON) PTY LTD",
"ANU","C","ANULKA NL",
"AOC","C","AUSTRALIAN OIL CORPORATION",
"AOD","C","ALLIANCE OIL DEVELOPMENT AUSTRALIA NL",
"AOE","C","AUSTRALASIAN OIL EXPLORATION LIMITED",
"AOG","C","AUSTRALIAN OIL AND GAS CORPORATION LIMITED",
"AON","C","AMITY OIL NL",
"AOP","C","AMERICAN OVERSEAS PETROLEUM LIMITED",
"APC","C","AMERADA PETROLEUM CORPORATION OF AUSTRALIA LIMITED",
"APL","C","ANGARI PTY LIMITED",
"APN","C","AMALGAMATED PETROLEUM NL",
"APS","C","AMALGAMATED PETROLEUM PHILLIPS SUNRAY",
"ARE","C","ARMOUR ENERGY LIMITED",
"ARM","C","ARROW ENERGY NL",
"ARO","C","AUSTRALIAN ROMA OIL LIMITED",
"ASO","C","AUSTRALIAN SUN OIL COMPANY LTD",
"ASP","C","ASSOCIATED PETROLEUM LTD",
"AUS","C","AUSTRALIA PACIFIC LNG PTY LIMITED",
"AVR","C","AVERY RESOURCES (AUSTRALIA) PTY LTD",
"AZP","C","AZEEZA PTY LTD",
"BAO","C","BRITISH AUSTRALASIAN OIL SYNDICATE",
"BBC","C","BEAUDESERT BORING COMPANY",
"BCC","C","BRISBANE CITY COUNCIL",
"BEA","C","BEAVER EXPLORATION AUSTRALIA NL",
"BEP","C","BEACH PETROLEUM NO LIABILITY",
"BHP","C","BHP PETROLEUM PTY LTD",
"BLA","C","BOART LONGYEAR AUSTRALIA PTY LTD",
"BLD","C","BEACH ENERGY LIMITED",
"BLU","C","BLUE ENERGY LIMITED",
"BMR","C","BUREAU OF MINERAL RESOURCES",
"BNG","C","BNG OPERATIONS PTY LIMITED",
"BNS","C","BNG (SURAT) PTY LTD",
"BOM","C","BLIGH OIL & MINERALS NL",
"BON","C","BRIDGE OIL LIMITED",
"BOP","C","BOONAH OIL PROSPECTING COMPANY LTD",
"BOW","C","BOW ENERGY LTD",
"BPD","C","BP PETROLEUM DEVELOPMENT AUSTRALIA PTY LTD",
"BPL","C","BEACH PETROLEUM LIMITED",
"BPO","C","BRIDGEPORT ENERGY (QLD) PTY LIMITED",
"BRE","C","BRIDGEPORT ENERGY LIMITED",
"BRP","C","BRISBANE PETROLEUM NL",
"BRU","C","BUREAU OF RURAL SCIENCES",
"BSH","C","BISHOPS",
"BTL","C","BELLS TOPEL",
"BUC","C","BHP-UTAH COAL LIMITED",
"BUO","C","BUCKINGHAM OIL COMPANY",
"BWL","C","BONNERWELL PTY LTD",
"CAP","C","CONOCO AUSTRALIA PTY LTD",
"CAR","C","CANSO RESOURCES LTD",
"CBR","C","C B RESOURCES PTY LTD",
"CBT","C","CABOT CORPORATION",
"CDP","C","COMMAND PETROLEUM NL",
"CEA","C","CIRCUMPACIFIC ENERGY (AUSTRALIA) PTY LIMITED",
"CH4","C","CH4 PTY LIMITED",
"CNW","C","CNW (EXPLORATIONS) PTY LIMITED",
"COA","C","CLUFF OIL (AUSTRALIA) NL",
"COE","C","COHO EXPLORATION PTY LIMITED",
"COG","C","CLARK OIL & GAS PTY LTD",
"COL","C","CONDAMINE OIL UNITED",
"COM","C","COMALCO EXPLORATION LTD",
"CON","C","CRUSADER LIMITED",
"COO","C"," CONTINENTAL OIL PTY LIMITED",
"CPC","C","CONORADA PETROLEUM CORPORATION",
"CPS","C","COOPERS",
"CQN","C","CENTRAL QUEENSLAND NATURAL GAS PTY LTD",
"CRA","C","CRA EXPLORATION",
"CRD","C","COMET RIDGE LTD",
"CSR","C","CSR LIMITED",
"CYD","C","CYDONIA RESOURCES PTY LTD",
"DEL","C","DRILLSEARCH ENERGY LIMITED",
"DGC","C","DISCOVERY GEO (AUSTRALIA) CORPORATION",
"DIO","C","DELHI PETROLEUM PTY LTD",
"DME","C","DEPARTMENT OF MINERALS AND ENERGY",
"DOA","C","DAMSON OIL (AUSTRALIA) LTD",
"DON","C","DELTA OIL NL",
"EAE","C","EASTERN ENERGY AUSTRALIA PTY LTD",
"EAL","C","ESSO AUSTRALIA LTD",
"EEA","C","ENRON EXPLORATION AUSTRALIA PTY LTD",
"EEC","C","ENERGY EQUITY CORPORATION LTD",
"EEN","C","ENTERPRISE ENERGY NL",
"EHN","C","EROMANGA HYDROCARBONS NL",
"ENL","C","EXOIL NO LIABILITY",
"ENR","C","ENERGETICA RESOURCES PTY LTD",
"EOC","C","ENDEAVOUR OIL COMPANY NL",
"EPL","C","EASTERN PETROLEUM AUSTRALIA PTY LTD",
"ERI","C","ENERGY RESOURCES INC",
"ESP","C","ERA SOUTH PACIFIC PTY LIMITED",
"ESS","C","ESSO MINERALS",
"EUR","C","EUREKA PETROLEUM PTY LTD",
"FBH","C","FROME-BROKEN HILL COMPANY PROPRIETARY LIMITED",
"FDN","C","FARMOUT DRILLERS NO LIABILITY",
"FPC","C","FRENCH PETROLEUM COMPANY LTD",
"FPN","C","FLINDERS PETROLEUM NO LIABILITY",
"FSE","C","FIRST SOURCE ENERGY GROUP INC


",
"GAO","C","GREAT ARTESIAN OIL AND GAS LIMITED",
"GCS","C","GOLDEN CHANCE SYNDICATE",
"GEN","C","GALILEE ENERGY PTY LTD",
"GGF","C","GENE GOFF PTY LTD",
"GMO","C","GLENALVON MINERAL OIL COMPANY",
"GOA","C","GOLDER ASSOCIATES",
"GSA","C","GEOSURVEYS OF AUSTRALIA PTY LIMITED",
"GSQ","C","GEOLOGICAL SURVEY OF QUEENSLAND",
"GWH","C","GOLDEN WEST HYDROCARBONS PTY LTD",
"HBK","I","KELSEY","Henry B"
"HBR","C","HUMBER BARRIER REEF OILS PTY LTD",
"HEM","C","HUNT ENERGY MINERAL CO. AUSTRALIA, PTY LTD",
"HEP","C","HARTOGEN ENERGY LIMITED (LIQUIDATORS APPOINTED)",
"HNL","C","HENZELLS",
"HNT","C","HODINOTTES",
"HOA","C","HUDBAY OIL (AUSTRALIA) LTD",
"HOM","C","HOUSTON OIL AND MINERALS LTD INC",
"HPL","C","HARCOURT PETROLEUM N.L.",
"HPP","C","HEMATITE PETROLEUM PROPRIETARY LIMITED",
"IEL","C","ICON ENERGY LIMITED",
"IGP","C","ICON GAS PRODUCTIONS PTY LIMITED",
"IOD","C","ICON OIL DRILLING COMPANY PTY LTD",
"IOL","C","INTERNATIONAL OIL PROPRIETARY",
"IOR","C","IOR EXPLORATION PTY LTD",
"IPP","C","ISIS PETROLEUM PROSPECTING SYNDICATE",
"IPS","C","INTERNATIONAL PETROLEUM SERVICES PTY LTD",
"JHR","C","JHR OIL & GAS COMPANY",
"JOC","C","JONES OIL COMPANY",
"JPL","C","JIMBILLY PTY LTD",
"LEA","C","LASMO OIL COMPANY AUSTRALIA LIMITED",
"LGN","I","NEILL","Laurence George"
"LHS","C","L H SMART OIL EXPLORATION PTY LTIMITED",
"LMN","C","LEIGHTON MINING NL",
"LOA","C","LANDER OILFIELDS AUSTRALIA LTD",
"LOD","C","LODESTONE ENERGY LIMITED",
"LOL","C","LONGREACH OIL LTD",
"LON","C","LENNARD OIL NL",
"LOP","C","LOWELL PETROLEUM NL",
"LOW","C","LONGREACH OIL WELLS LTD",
"LPP","C","LADD PACIFIC PETROLEUM LTD",
"LRH","C","LONGREACH NO 2 PTY LTD",
"LSD","C","LUCKY STRIKE DRILLING CO",
"LSE","C","LONE STAR EXPLORATION & DRILLING",
"LSG","C","LSG AUSTRALIA INC",
"MAN","C","MANEROO OIL COMPANY LTD",
"MAP","C","MAGELLAN PETROLEUM AUSTRALIA LIMITED",
"MER","C","MERLIN ENERGY  PTY LTD",
"MGC","C","MGC RESOURCES AUSTRALIA PTY LTD",
"MIH","C","MIM HOLDINGS LIMITED",
"MIM","C","MIM PETROLEUM EXPLORATION PTY LTD",
"MNL","C","MOSAIC OIL NL",
"MNX","C","MINEX INCORPORATED",
"MOC","C","MALTA OIL COMPANY",
"MOL","C","MURILLA OIL LTD",
"MON","C","MAPLE OIL NL",
"MOP","C","MACKAY OIL PROSPECTING SYNDICATE",
"MOW","C","MINERAL OILS AND WATER PTY LTD",
"MPA","C","MARATHON PETROLEUM AUSTRALIA LTD",
"MPC","C","MAGELLAN PETROLEUM CORPORATION",
"MPP","C","MACKAY PETROLEUM PROSPECTING SYNDICATE",
"MPY","C","MELROSE PETROLEUM PROSPECTING COMPANY",
"MRE","C","MINORA RESOURCES NL",
"MWE","C","MID-WOOD EXPLORATION PTY LTD",
"NAI","C","NORTH AMERICAN INTERNATIONAL INC",
"NAO","C","NORTEX AUSTRALIAN OILS LTD",
"NED","C","NEW ENERGY & INDUSTRIAL TECHNOLOGY DEVELOPMENT ORGANISATION",
"NIL","C","NEGATIVE INSTRUMENTS PTY LTD",
"NMX","C","NORTHERN MICHIGAN EXPLORATION COMPANY",
"NQE","C","NORTH QUEENSLAND ENERGY PTY LTD",
"OCA","C","OIL COMPANY OF AUSTRALIA NL",
"ODN","C","OIL DEVELOPMENT NL",
"OEA","C","ORIGIN ENERGY ATP 788P PTY LIMITED",
"OEC","C","ORIGIN ENERGY CSG LIMITED",
"OER","C","ORIGIN ENERGY RESOURCES LIMITED",
"OIL","C","OILEX NL",
"OMN","C","OILMIN NL",
"OOC","C","ORION OIL COMPANY",
"OON","C","OFFSHORE OIL NL",
"OPL","C","OIL PROSPECTORS LTD",
"ORE","C","ORE PTY LTD",
"OSL","C","OIL SEARCH LTD",
"OWK","C","OIL WELLS INC OF KENTUCKY",
"OXP","C","OREX PTY LTD",
"PAN","C","PANGAEA PTY LTD",
"PAO","C","POINT ADDIS OIL WELLS",
"PAP","C","THE PAPUAN APINAIPI PETROLEUM COMPANY LIMITED",
"PAR","C","PARKER AND PARSLEY AUSTRALASIA LTD",
"PEA","C","PETRO ENERGY AUSTRALIA PTY LTD",
"PEC","C","PLANET EXPLORATION COMPANY PTY LTD",
"PER","C","PURE ENERGY RESOURCES LIMITED",
"PGA","C","PACIFIC OIL & GAS PTY LIMITED",
"PGN","C","PANGAEA GALILEE PTY LTD",
"POE","C","PROJECT OIL EXPLORATION LIMITED",
"POG","C","PHOENIX OIL & GAS NL",
"POL","C","PEXA OIL LTD",
"PON","C","PELSART OIL NL",
"POP","C","PROVIDENCE OIL PTY LTD",
"PPA","C","PAN PACIFIC PETROLEUM NL",
"PPC","C","PHILLIPS PETROLEUM COMPANY",
"PPL","C","PANCONTINENTAL PETROLEUM LIMITED",
"PSA","C","PETROLEUM SECURITIES AUSTRALIA LIMITED",
"QAO","C","QUEENSLAND AMERICAN OIL COMPANY",
"QCN","C","QUEENSLAND COASTAL OIL CONCESSIONS (NORTH)",
"QCO","C","QUEENSLAND COASTAL OIL CONCESSIONS",
"QDM","C","QUEENSLAND DEPARTMENT OF MINES",
"QER","C","QUEENSLAND ENERGY RESOURCES LIMITED",
"QGC","C","QGC PTY LIMITED",
"QGT","C","QUEENSLAND GOVERNMENT",
"QOC","C","QUEENSLAND OIL CORPORATION LTD",
"QOD","C","QUEENSLAND OIL DEVELOPMENT COMPANY LTD",
"QPT","C","QUEENSLAND PETROLEUM PTY LIMITED",
"QRO","C","QUEENSLAND ROMA OIL LTD",
"RAL","C","ROMA ALICKER LTD",
"RAM","C","RAMATEX PTY LTD",
"RBO","C","ROMA BLOCKS OIL COMPANY NO LIABILITY",
"RDE","C","REIDS DOME EXPLORATION COMPANY",
"RDL","C","ROMA DOME LTD",
"REQ","C","REAL ENERGY QUEENSLAND PTY LTD",
"ROC","C","ROMA OIL CORPORATION",
"RPN","C","ROMA PETROLEUM COMPANY PTY LTD",
"SDA","C","SHELL DEVELOPMENT (AUSTRALIA) PTY LTD",
"SDO","C","SALT DOMES OIL SYNDICATE",
"SEL","C","SENEX ENERGY LIMITED",
"SEN","C","SENTRY PETROLEUM (AUSTRALIA) PTY LTD",
"SEQ","C","SEQOIL PTY LTD",
"SGO","C","SUNSHINE GAS OPERATIONS PTY LTD",
"SGP","C","STANDARD GAS PTY LTD",
"SIA","C","SAMSON-INTERNATIONAL (AUSTRALIA) PTY LTD",
"SMN","C","STEWARTS MOOGA NL",
"SOC","C","SYDNEY OIL COMPANY (QLD) PTY LIMITED",
"SPC","C","SUNLAND PETROLEUM CORPORATION NL",
"SPO","C","SANTOS PETROLEUM OPERATIONS LIMITED",
"SPP","C","SOUTH PACIFIC PTY LTD",
"SQD","C","SHELL (QUEENLAND) DEVELOPMENT PROPRIETARY LIMITED",
"SQP","C","SANTOS QNT PTY LTD",
"SSE","C","SEAMGAS ENTERPRISES PTY LTD",
"SSL","C","SANTOS LIMITED",
"SUE","C","SOUTHERN UNION ENERGY PTY LTD",
"TAI","C","TENNECO AUSTRALIA INC",
"TAM","C","TAMARK PTY LTD",
"TEA","C","TOTAL EXPLORATION AUSTRALIA PTY LTD",
"TEC","C","TRI-STAR ENERGY COMPANY",
"TEP","C","TARGET EXPLORATION PTY LIMITED",
"TIE","C","TITELINE ENERGY PTY LTD",
"TJR","C","TRIPLE J RESOURCES PTY LTD",
"TMO","C","TMOC RESOURCES LTD",
"TMR","C","TIMOR OIL LIMITED",
"TOG","C","TIPPERARY OIL & GAS (AUSTRALIA) PTY LTD",
"TPC","C","TRI-STAR PETROLEUM COMPANY",
"TRN","C","TRANSOIL NO LIABILITY",
"TRU","C","TRUENERGY QUEENSLAND PTY LTD",
"TWO","C","TEX-WEST OPERATING INC",
"UKA","C","UNION KERN AOG",
"UOD","C","UNION OIL DEVELOPMENT CORPORATION",
"UPR","C","UNITED PETROLEUM RESERVES NL",
"VEF","C","VERNON E FAULCONER  INC",
"VIP","C","VICTORIA PETROLEUM NL",
"WCL","C","WESTSIDE CORPORATION LIMITED",
"WCW","C","W C AND H J WALZ",
"WMC","C","WESTERN MINING CORPORATION LIMITED",
"WOC","C","WESTLAND OIL COMPANY LIMITED",
"WPA","C","WOODS PETROLEUM OF AUSTRALIA LTD",
"WPL","C","WINNEILLS PTY LTD",
"WPO","C","WELLINGTON POINT OIL WELLS LTD",
"WSP","C","WHITE SANDS PETROLEUM LIMITED",
"XLX","C","XLX NL",
"ZCL","C","THE ZINC CORPORATION LIMITED",
