"AGE_UNIT_CODE","AGE_UNIT_NAME","AGE_UNIT_TYPE_NAME","MA_OLD","MA_YOUNG","AGSO_AGE_NO"
"BPZL","LATE PALAEOZOIC","TIME-STRATIGRAPHIC UNIT (BIOSTRAT TABLE USE ONLY)",,,
"BPZOE","EARLY ORDOVICIAN","TIME-STRATIGRAPHIC UNIT (BIOSTRAT TABLE USE ONLY)",,,
"BPZOL","LATE ORDOVICIAN","TIME-STRATIGRAPHIC UNIT (BIOSTRAT TABLE USE ONLY)",,,
"BPZP","PERMIAN","TIME-STRATIGRAPHIC UNIT (BIOSTRAT TABLE USE ONLY)",,,
"BPZPE","EARLY PERMIAN","TIME-STRATIGRAPHIC UNIT (BIOSTRAT TABLE USE ONLY)",299,270.6,
"BPZPL","LATE PERMIAN","TIME-STRATIGRAPHIC UNIT (BIOSTRAT TABLE USE ONLY)",,,
"BPZSE","EARLY SILURIAN","TIME-STRATIGRAPHIC UNIT (BIOSTRAT TABLE USE ONLY)",,,
"BPZSL","LATE SILURIAN","TIME-STRATIGRAPHIC UNIT (BIOSTRAT TABLE USE ONLY)",,,
"CRZ","CRYPTOZOIC","INTERNATIONAL TIME-STRATIGRAPHIC UNIT",4000,2600,164
"CZ","CENOZOIC","INTERNATIONAL TIME-STRATIGRAPHIC UNIT",65.5,0,
"CZP","PLEISTOCENE","INTERNATIONAL TIME-STRATIGRAPHIC UNIT",2.59,0.01,
"CZQ","QUATERNARY","INTERNATIONAL TIME-STRATIGRAPHIC UNIT",2.59,0,
"CZQH","HOLOCENE","INTERNATIONAL TIME-STRATIGRAPHIC UNIT",0.01,0,
"CZR","RECENT","INTERNATIONAL TIME-STRATIGRAPHIC UNIT",0.01,0,230
"CZT","TERTIARY","INTERNATIONAL TIME-STRATIGRAPHIC UNIT",65.5,1.81,
"CZTE","EARLY TERTIARY","AUSTRALIAN TIME-STRATIGRAPHIC UNIT",65.5,23.03,
"CZTEBA","BARTONIAN","INTERNATIONAL TIME-STRATIGRAPHIC UNIT",44,40.5,17
"CZTEDA","DANIAN","INTERNATIONAL TIME-STRATIGRAPHIC UNIT",65,62.5,22
"CZTEED","EOCENE","INTERNATIONAL TIME-STRATIGRAPHIC UNIT",55.8,33.9,
"CZTELU","LUTETIAN","INTERNATIONAL TIME-STRATIGRAPHIC UNIT",52,44,18
"CZTEPG","PALAEOGENE","INTERNATIONAL TIME-STRATIGRAPHIC UNIT",65.5,23.03,
"CZTL","LATE TERTIARY","AUSTRALIAN TIME-STRATIGRAPHIC UNIT",23.03,1.81,
"CZTLNG","NEOGENE","INTERNATIONAL TIME-STRATIGRAPHIC UNIT",23.03,2.59,
"CZTM","MIOCENE","INTERNATIONAL TIME-STRATIGRAPHIC UNIT",23.03,5.33,
"CZTMME","MESSINIAN","INTERNATIONAL TIME-STRATIGRAPHIC UNIT",6.5,5,9
"CZTMSE","SERRAVALLIAN","INTERNATIONAL TIME-STRATIGRAPHIC UNIT",13.5,10.5,11
"CZTO","OLIGOCENE","INTERNATIONAL TIME-STRATIGRAPHIC UNIT",33.9,23.03,
"CZTPA","PALEOCENE","INTERNATIONAL TIME-STRATIGRAPHIC UNIT",66.5,55.8,
"CZTPL","PLIOCENE","INTERNATIONAL TIME-STRATIGRAPHIC UNIT",5.33,1.81,
"DJ39","ADJ39","DINOFLAGELLATE ZONAL UNIT",136,135,3290
"DK1","ADK1","DINOFLAGELLATE ZONAL UNIT",,,
"DK11","ADK11","DINOFLAGELLATE ZONAL UNIT",135,133,3280
"DK12","ADK12","DINOFLAGELLATE ZONAL UNIT",133,131,3270
"DK13","ADK13","DINOFLAGELLATE ZONAL UNIT",133,126.5,3265
"DK14","ADK14","DINOFLAGELLATE ZONAL UNIT",126.5,123,3260
"DK15","ADK15","DINOFLAGELLATE ZONAL UNIT",123,118,3252
"DK16","ADK16","DINOFLAGELLATE ZONAL UNIT",118,115,3245
"DK17","ADK17","DINOFLAGELLATE ZONAL UNIT",115,109,3240
"DK18","ADK18","DINOFLAGELLATE ZONAL UNIT",109,106.5,3235
"DK19","ADK19","DINOFLAGELLATE ZONAL UNIT",106.5,103.5,3225
"DK2","ADK2","DINOFLAGELLATE ZONAL UNIT",,,
"DK21","ADK21","DINOFLAGELLATE ZONAL UNIT",103.5,101.5,3215
"DK22","ADK22","DINOFLAGELLATE ZONAL UNIT",101.5,100,3210
"DK23","ADK23","DINOFLAGELLATE ZONAL UNIT",100,98.5,3205
"INDET","INDETERMINATE","INDETERMINATE UNIT (BIOSTRAT TABLES)",,,
"MZ","MESOZOIC","INTERNATIONAL TIME-STRATIGRAPHIC UNIT",251,65.5,166
"MZJ","JURASSIC","INTERNATIONAL TIME-STRATIGRAPHIC UNIT",199.6,145.5,
"MZJE","EARLY JURASSIC","INTERNATIONAL TIME-STRATIGRAPHIC UNIT",199.6,175.6,
"MZJEHE","HETTANGIAN","INTERNATIONAL TIME-STRATIGRAPHIC UNIT",199.6,196.5,
"MZJELI","LIAS","INTERNATIONAL TIME-STRATIGRAPHIC UNIT",204,181,71
"MZJEPL","PLIENSBACHIAN","INTERNATIONAL TIME-STRATIGRAPHIC UNIT",189.6,183,
"MZJESI","SINEMURIAN","INTERNATIONAL TIME-STRATIGRAPHIC UNIT",196.5,189.6,
"MZJETD","TOARCIAN","INTERNATIONAL TIME-STRATIGRAPHIC UNIT",183,175.6,
"MZJL","LATE JURASSIC","INTERNATIONAL TIME-STRATIGRAPHIC UNIT",161.2,145.5,
"MZJLKI","KIMMERIDGIAN","INTERNATIONAL TIME-STRATIGRAPHIC UNIT",154.55,150.8,
"MZJLMA","MALM","INTERNATIONAL TIME-STRATIGRAPHIC UNIT",150,130,69
"MZJLOX","OXFORDIAN","INTERNATIONAL TIME-STRATIGRAPHIC UNIT",161.2,154.55,
"MZJLPO","PORTLANDIAN","INTERNATIONAL TIME-STRATIGRAPHIC UNIT",135.5,130,72
"MZJLTI","TITHONIAN","INTERNATIONAL TIME-STRATIGRAPHIC UNIT",150.8,145.5,
"MZJM","MIDDLE JURASSIC","INTERNATIONAL TIME-STRATIGRAPHIC UNIT",175.6,161.2,
"MZJMAA","AALENIAN","INTERNATIONAL TIME-STRATIGRAPHIC UNIT",175.6,171.6,
"MZJMBJ","BAJOCIAN","INTERNATIONAL TIME-STRATIGRAPHIC UNIT",171.6,167.7,
"MZJMBT","BATHONIAN","INTERNATIONAL TIME-STRATIGRAPHIC UNIT",167.7,164.7,
"MZJMCA","CALLOVIAN","INTERNATIONAL TIME-STRATIGRAPHIC UNIT",164.7,161.2,
"MZJMDO","DOGGER","INTERNATIONAL TIME-STRATIGRAPHIC UNIT",181,150,70
"MZK","CRETACEOUS","INTERNATIONAL TIME-STRATIGRAPHIC UNIT",145.5,65.5,
"MZKE","EARLY CRETACEOUS","INTERNATIONAL TIME-STRATIGRAPHIC UNIT",145.5,99.6,
"MZKEBE","BERRIASIAN","INTERNATIONAL TIME-STRATIGRAPHIC UNIT",145.5,140.2,
"MZKEHA","HAUTERIVIAN","INTERNATIONAL TIME-STRATIGRAPHIC UNIT",133.9,130,
"MZKENE","NEOCOMIAN","INTERNATIONAL TIME-STRATIGRAPHIC UNIT",130,119,58
"MZKEVA","VALANGINIAN","INTERNATIONAL TIME-STRATIGRAPHIC UNIT",140.2,133.9,
"MZKL","LATE CRETACEOUS","INTERNATIONAL TIME-STRATIGRAPHIC UNIT",99.6,65.5,
"MZKLCA","CAMPANIAN","INTERNATIONAL TIME-STRATIGRAPHIC UNIT",83.5,70.6,
"MZKLCH","CHANGSHANIAN","INTERNATIONAL TIME-STRATIGRAPHIC UNIT",498,494,256
"MZKLCO","CONIACIAN","INTERNATIONAL TIME-STRATIGRAPHIC UNIT",88.6,85.8,
"MZKLMA","MAASTRICHTIAN","INTERNATIONAL TIME-STRATIGRAPHIC UNIT",70.6,65.5,
"MZKLSA","SANTONIAN","INTERNATIONAL TIME-STRATIGRAPHIC UNIT",85.8,83.5,
"MZKLSE","SENONIAN","INTERNATIONAL TIME-STRATIGRAPHIC UNIT",89,65,26
"MZKMAL","ALBIAN","INTERNATIONAL TIME-STRATIGRAPHIC UNIT",112,99.6,
"MZKMAP","APTIAN","INTERNATIONAL TIME-STRATIGRAPHIC UNIT",125,112,
"MZKMBA","BARREMIAN","INTERNATIONAL TIME-STRATIGRAPHIC UNIT",130,125,
"MZKMCE","CENOMANIAN","INTERNATIONAL TIME-STRATIGRAPHIC UNIT",99.6,93.6,
"MZKMTU","TURONIAN","INTERNATIONAL TIME-STRATIGRAPHIC UNIT",93.6,88.6,
"MZT","TRIASSIC","INTERNATIONAL TIME-STRATIGRAPHIC UNIT",251,199.6,
"MZTE","EARLY TRIASSIC","INTERNATIONAL TIME-STRATIGRAPHIC UNIT",251,245.9,
"MZTEGR","GRIESBACHIAN","INTERNATIONAL TIME-STRATIGRAPHIC UNIT",250,247,262
"MZTEIN","INDUAN","INTERNATIONAL TIME-STRATIGRAPHIC UNIT",251,249.5,
"MZTENA","NAMMALIAN","INTERNATIONAL TIME-STRATIGRAPHIC UNIT",247,244,261
"MZTEOL","OLENEKIAN","INTERNATIONAL TIME-STRATIGRAPHIC UNIT",249.5,245.9,
"MZTESC","SCYTHIAN","INTERNATIONAL TIME-STRATIGRAPHIC UNIT",250,242,95
"MZTESP","SPATHIAN","INTERNATIONAL TIME-STRATIGRAPHIC UNIT",244,242,260
"MZTL","LATE TRIASSIC","INTERNATIONAL TIME-STRATIGRAPHIC UNIT",228.7,199.6,
"MZTLCA","CARNIAN","INTERNATIONAL TIME-STRATIGRAPHIC UNIT",228.7,216.5,
"MZTLNO","NORIAN","INTERNATIONAL TIME-STRATIGRAPHIC UNIT",216.5,203.6,
"MZTLRH","RHAETIAN","INTERNATIONAL TIME-STRATIGRAPHIC UNIT",203.6,199.6,
"MZTM","MIDDLE TRIASSIC","INTERNATIONAL TIME-STRATIGRAPHIC UNIT",245.9,228.7,88
"MZTMAN","ANISIAN","INTERNATIONAL TIME-STRATIGRAPHIC UNIT",245.9,237,94
"MZTMLA","LADINIAN","INTERNATIONAL TIME-STRATIGRAPHIC UNIT",237,228.7,
"PC","PRECAMBRIAN","INTERNATIONAL TIME-STRATIGRAPHIC UNIT",4600,545,
"PC1","APC1","MIOSPORE ZONAL UNIT",,,
"PC2","APC2","MIOSPORE ZONAL UNIT",,,
"PC3","APC3","MIOSPORE ZONAL UNIT",,,
"PC4","APC4","MIOSPORE ZONAL UNIT",,,
"PCAD","ADELAIDEAN","AUSTRALIAN TIME-STRATIGRAPHIC UNIT",1400,545,211
"PCAL","LATE ADELAIDEAN","INTERNATIONAL TIME-STRATIGRAPHIC UNIT",775,596,212
"PCC","CARPENTARIAN","INTERNATIONAL TIME-STRATIGRAPHIC UNIT",1850,1400,214
"PCE","EARLY PRECAMBRIAN","INTERNATIONAL TIME-STRATIGRAPHIC UNIT",4000,2600,151
"PCL","LATE PRECAMBRIAN","INTERNATIONAL TIME-STRATIGRAPHIC UNIT",1600,544,149
"PCM","MIDDLE PRECAMBRIAN","INTERNATIONAL TIME-STRATIGRAPHIC UNIT",2600,1600,150
"PCN","NULLAGINIAN","INTERNATIONAL TIME-STRATIGRAPHIC UNIT",2250,1850,215
"PCP","PROTEROZOIC","INTERNATIONAL TIME-STRATIGRAPHIC UNIT",2500,545,
"PCPLKA","KARATAVIAN","INTERNATIONAL TIME-STRATIGRAPHIC UNIT",950,650,158
"PCPLVE","VENDIAN","INTERNATIONAL TIME-STRATIGRAPHIC UNIT",650,544,153
"PCPM","MESOPROTEROZOIC","INTERNATIONAL TIME-STRATIGRAPHIC UNIT",1600,1000,
"PCPN","NEOPROTEROZOIC","INTERNATIONAL TIME-STRATIGRAPHIC UNIT",1000,545,
"PCPP","PALAEOPROTEROZOIC","INTERNATIONAL TIME-STRATIGRAPHIC UNIT",2500,1600,
"PD1","APD1","MIOSPORE ZONAL UNIT",,,
"PD2","APD2","MIOSPORE ZONAL UNIT",,,
"PD3","APD3","MIOSPORE ZONAL UNIT",,,
"PD4","APD4","MIOSPORE ZONAL UNIT",,,
"PD41","APD41","MIOSPORE ZONAL UNIT",,,
"PD42","APD42","MIOSPORE ZONAL UNIT",,,
"PD5","APD5","MIOSPORE ZONAL UNIT",,,
"PD6","APD6","MIOSPORE ZONAL UNIT",,,
"PD61","APD61","MIOSPORE ZONAL UNIT",,,
"PD62","APD62","MIOSPORE ZONAL UNIT",,,
"PD7","APD7","MIOSPORE ZONAL UNIT",,,
"PD8","APD8","MIOSPORE ZONAL UNIT",,,
"PHZ","PHANEROZOIC","INTERNATIONAL TIME-STRATIGRAPHIC UNIT",542,0,
"PJ1","APJ1","MIOSPORE ZONAL UNIT",205.5,199.5,
"PJ1201","APJ1201","MIOSPORE ZONAL UNIT",,,
"PJ1202","APJ1202","MIOSPORE ZONAL UNIT",,,
"PJ2","APJ2","MIOSPORE ZONAL UNIT",199.5,187,
"PJ21","APJ21","MIOSPORE ZONAL UNIT",199.5,195,
"PJ22","APJ22","MIOSPORE ZONAL UNIT",195,187,
"PJ221","APJ221","MIOSPORE ZONAL UNIT",195,191,
"PJ222","APJ222","MIOSPORE ZONAL UNIT",191,187,
"PJ3","APJ3","MIOSPORE ZONAL UNIT",187,165.5,
"PJ31","APJ31","MIOSPORE ZONAL UNIT",187,182,
"PJ32","APJ32","MIOSPORE ZONAL UNIT",182,177,
"PJ33","APJ33","MIOSPORE ZONAL UNIT",177,165.5,
"PJ331","APJ331","MIOSPORE ZONAL UNIT",177,170,
"PJ332","APJ332","MIOSPORE ZONAL UNIT",170,165.5,
"PJ4","APJ4","MIOSPORE ZONAL UNIT",165.5,155.5,
"PJ41","APJ41","MIOSPORE ZONAL UNIT",165.5,158.5,
"PJ42","APJ42","MIOSPORE ZONAL UNIT",158.5,155.5,
"PJ43","APJ43","MIOSPORE ZONAL UNIT",,,
"PJ5","APJ5","MIOSPORE ZONAL UNIT",155.5,140,
"PJ6","APJ6","MIOSPORE ZONAL UNIT",140,131,
"PJ61","APJ61","MIOSPORE ZONAL UNIT",140,137,
"PJ62","APJ62","MIOSPORE ZONAL UNIT",137,131,
"PJ621","APJ621","MIOSPORE ZONAL UNIT",137,132.5,
"PJ622","APJ622","MIOSPORE ZONAL UNIT",132.5,131,
"PK1","APK1","MIOSPORE ZONAL UNIT",131,123.5,
"PK11","APK11","MIOSPORE ZONAL UNIT",131,128.5,
"PK12","APK12","MIOSPORE ZONAL UNIT",128.5,123.5,
"PK121","APK121","MIOSPORE ZONAL UNIT",,,
"PK122","APK122","MIOSPORE ZONAL UNIT",,,
"PK2","APK2","MIOSPORE ZONAL UNIT",123.5,112,
"PK21","APK21","MIOSPORE ZONAL UNIT",123.5,118.5,
"PK211","APK211","MIOSPORE ZONAL UNIT",,,
"PK212","APK212","MIOSPORE ZONAL UNIT",,,
"PK22","APK22","MIOSPORE ZONAL UNIT",118.5,112,
"PK3","APK3","MIOSPORE ZONAL UNIT",112,108,
"PK31","APK31","MIOSPORE ZONAL UNIT",112,111,
"PK32","APK32","MIOSPORE ZONAL UNIT",111,108,
"PK4","APK4","MIOSPORE ZONAL UNIT",108,106,
"PK5","APK5","MIOSPORE ZONAL UNIT",106,101,
"PK51","APK51","MIOSPORE ZONAL UNIT",106,104,
"PK52","APK52","MIOSPORE ZONAL UNIT",104,101,
"PK6","APK6","MIOSPORE ZONAL UNIT",101,97,
"PK7","APK7","MIOSPORE ZONAL UNIT",97,91.5,
"PP1","APP1","MIOSPORE ZONAL UNIT",300,294,
"PP11","APP11","MIOSPORE ZONAL UNIT",,,
"PP12","APP12","MIOSPORE ZONAL UNIT",,,
"PP121","APP121","MIOSPORE ZONAL UNIT",,,
"PP1211","APP1211","MIOSPORE ZONAL UNIT",,,
"PP1212","APP1212","MIOSPORE ZONAL UNIT",,,
"PP122","APP122","MIOSPORE ZONAL UNIT",,,
"PP2","APP2","MIOSPORE ZONAL UNIT",294,271,
"PP21","APP21","MIOSPORE ZONAL UNIT",294,282,
"PP211","APP211","MIOSPORE ZONAL UNIT",,,
"PP212","APP212","MIOSPORE ZONAL UNIT",,,
"PP22","APP22","MIOSPORE ZONAL UNIT",282,278,
"PP221","APP221","MIOSPORE ZONAL UNIT",,,
"PP222","APP222","MIOSPORE ZONAL UNIT",,,
"PP2221","APP2221","MIOSPORE ZONAL UNIT",,,
"PP2222","APP2222","MIOSPORE ZONAL UNIT",,,
"PP223","PP223","MIOSPORE ZONAL UNIT",,,
"PP3","APP3","MIOSPORE ZONAL UNIT",278,271,
"PP31","APP31","MIOSPORE ZONAL UNIT",278,274,
"PP3101","APP3101","MIOSPORE ZONAL UNIT",,,
"PP3102","APP3102","MIOSPORE ZONAL UNIT",,,
"PP32","APP32","MIOSPORE ZONAL UNIT",274,272.5,
"PP321","APP321","MIOSPORE ZONAL UNIT",,,
"PP3211","APP3211","MIOSPORE ZONAL UNIT",,,
"PP3212","APP3212","MIOSPORE ZONAL UNIT",,,
"PP3213","APP3213","MIOSPORE ZONAL UNIT",,,
"PP3214","APP3214","MIOSPORE ZONAL UNIT",,,
"PP322","APP322","MIOSPORE ZONAL UNIT",,,
"PP33","APP33","MIOSPORE ZONAL UNIT",272.5,271,
"PP331","APP331","MIOSPORE ZONAL UNIT",272.5,271.75,
"PP332","APP332","MIOSPORE ZONAL UNIT",271.75,271,
"PP3321","APP3321","MIOSPORE ZONAL UNIT",,,
"PP3322","APP3322","MIOSPORE ZONAL UNIT",,,
"PP4","APP4","MIOSPORE ZONAL UNIT",271,264,
"PP41","APP41","MIOSPORE ZONAL UNIT",271,268,
"PP42","APP42","MIOSPORE ZONAL UNIT",268,266,
"PP43","APP43","MIOSPORE ZONAL UNIT",266,264,
"PP5","APP5","MIOSPORE ZONAL UNIT",264,255,
"PP5001","APP5001","MIOSPORE ZONAL UNIT",,,
"PP5002","APP5002","MIOSPORE ZONAL UNIT",,,
"PP5003","APP5003","MIOSPORE ZONAL UNIT",,,
"PP5004","APP5004","MIOSPORE ZONAL UNIT",,,
"PP5005","APP5005","MIOSPORE ZONAL UNIT",,,
"PP5006","APP5006","MIOSPORE ZONAL UNIT",,,
"PP51","APP51","MIOSPORE ZONAL UNIT",264,261,
"PP52","APP52","MIOSPORE ZONAL UNIT",261,255,
"PP6","APP6","MIOSPORE ZONAL UNIT",255,250,
"PRMECA","CALYMMIAN","INTERNATIONAL TIME-STRATIGRAPHIC UNIT",1600,1400,
"PRMEEC","ECTASIAN","INTERNATIONAL TIME-STRATIGRAPHIC UNIT",1400,1200,
"PRMEST","STENIAN","INTERNATIONAL TIME-STRATIGRAPHIC UNIT",1200,1000,
"PRNECR","CRYOGENIAN","INTERNATIONAL TIME-STRATIGRAPHIC UNIT",850,650,
"PRNEED","EDIACARAN","AUSTRALIAN TIME-STRATIGRAPHIC UNIT",650,545,
"PRNETO","TONIAN","INTERNATIONAL TIME-STRATIGRAPHIC UNIT",1000,850,
"PRPAOR","OROSIRIAN","INTERNATIONAL TIME-STRATIGRAPHIC UNIT",2050,1800,
"PRPARH","RHYACIAN","INTERNATIONAL TIME-STRATIGRAPHIC UNIT",2300,2050,
"PRPASI","SIDERIAN","INTERNATIONAL TIME-STRATIGRAPHIC UNIT",2500,2300,
"PRPAST","STATHERIAN","INTERNATIONAL TIME-STRATIGRAPHIC UNIT",1800,1600,
"PT1","APT1","MIOSPORE ZONAL UNIT",250,245.5,
"PT101","APT101","MIOSPORE ZONAL UNIT",,,
"PT102","APT102","MIOSPORE ZONAL UNIT",,,
"PT2","APT2","MIOSPORE ZONAL UNIT",245.5,237,
"PT21","APT21","MIOSPORE ZONAL UNIT",245.5,241,
"PT211","APT211","MIOSPORE ZONAL UNIT",,,
"PT212","APT212","MIOSPORE ZONAL UNIT",,,
"PT22","APT22","MIOSPORE ZONAL UNIT",241,237,
"PT3","APT3","MIOSPORE ZONAL UNIT",237,228,
"PT31","APT31","MIOSPORE ZONAL UNIT",,,
"PT32","APT32","MIOSPORE ZONAL UNIT",,,
"PT33","APT33","MIOSPORE ZONAL UNIT",235,232.5,5233
"PT331","APT331","MIOSPORE ZONAL UNIT",,,
"PT332","APT332","MIOSPORE ZONAL UNIT",,,
"PT34","APT34","MIOSPORE ZONAL UNIT",232.5,230,5234
"PT4","APT4","MIOSPORE ZONAL UNIT",228,221,
"PT41","APT41","MIOSPORE ZONAL UNIT",228,224,
"PT42","APT42","MIOSPORE ZONAL UNIT",224,221,
"PT5","APT5","MIOSPORE ZONAL UNIT",213,204.5,5200
"PT51","APT51","MIOSPORE ZONAL UNIT",213,208.75,5210
"PT5101","APT5101","MIOSPORE ZONAL UNIT",,,
"PT5102","APT5102","MIOSPORE ZONAL UNIT",,,
"PT52","APT52","MIOSPORE ZONAL UNIT",208.75,204.5,5205
"PT521","APT521","MIOSPORE ZONAL UNIT",208.75,206.6,5207
"PT5211","APT5211","MIOSPORE ZONAL UNIT",,,
"PT5212","APT5212","MIOSPORE ZONAL UNIT",,,
"PT5213","APT5213","MIOSPORE ZONAL UNIT",,,
"PT5214","APT5214","MIOSPORE ZONAL UNIT",,,
"PT522","APT522","MIOSPORE ZONAL UNIT",206.6,204.5,5206
"PZ","PALAEOZOIC","INTERNATIONAL TIME-STRATIGRAPHIC UNIT",542,251,
"PZC","CARBONIFEROUS","INTERNATIONAL TIME-STRATIGRAPHIC UNIT",359.2,299,
"PZCE","EARLY CARBONIFEROUS","INTERNATIONAL TIME-STRATIGRAPHIC UNIT",354,326,171
"PZCECA","CANGLANGPUAN","INTERNATIONAL TIME-STRATIGRAPHIC UNIT",524,520,266
"PZCEDI","DINANTIAN","INTERNATIONAL TIME-STRATIGRAPHIC UNIT",354,326,173
"PZCENA","NAMURIAN","INTERNATIONAL TIME-STRATIGRAPHIC UNIT",326,315,176
"PZCL","LATE CARBONIFEROUS","INTERNATIONAL TIME-STRATIGRAPHIC UNIT",326,295,170
"PZCLSI","SILESIAN","INTERNATIONAL TIME-STRATIGRAPHIC UNIT",326,295,172
"PZCLST","STEPHANIAN","INTERNATIONAL TIME-STRATIGRAPHIC UNIT",306,298,174
"PZCLWE","WESTPHALIAN","INTERNATIONAL TIME-STRATIGRAPHIC UNIT",315,306,175
"PZCM","MISSISSIPPIAN","INTERNATIONAL TIME-STRATIGRAPHIC UNIT",359.2,318.1,
"PZCME","EARLY MISSISSIPPIAN","INTERNATIONAL TIME-STRATIGRAPHIC UNIT",359.2,345.3,
"PZCML","LATE MISSISSIPPIAN","INTERNATIONAL TIME-STRATIGRAPHIC UNIT",328.3,318.1,
"PZCMM","MIDDLE MISSISSIPPIAN","INTERNATIONAL TIME-STRATIGRAPHIC UNIT",345.3,328.3,
"PZCMSE","SERPUKHOVIAN","INTERNATIONAL TIME-STRATIGRAPHIC UNIT",328.3,318.1,
"PZCMTO","TOURNAISIAN","INTERNATIONAL TIME-STRATIGRAPHIC UNIT",359.2,345.3,
"PZCMVI","VISEAN","INTERNATIONAL TIME-STRATIGRAPHIC UNIT",345.3,328.3,
"PZCP","PENNSYLVANIAN","INTERNATIONAL TIME-STRATIGRAPHIC UNIT",318.1,299,
"PZCPBA","BASHKIRIAN","INTERNATIONAL TIME-STRATIGRAPHIC UNIT",318.1,311.7,
"PZCPE","EARLY PENNSYLVANIAN","INTERNATIONAL TIME-STRATIGRAPHIC UNIT",318.1,311.7,
"PZCPGZ","GZHELIAN","INTERNATIONAL TIME-STRATIGRAPHIC UNIT",303.4,299,
"PZCPKA","KASIMOVIAN","INTERNATIONAL TIME-STRATIGRAPHIC UNIT",307.2,303.4,
"PZCPL","LATE PENNSYLVANIAN","INTERNATIONAL TIME-STRATIGRAPHIC UNIT",307.2,299,
"PZCPM","MIDDLE PENNSYLVANIAN","INTERNATIONAL TIME-STRATIGRAPHIC UNIT",311.7,307.2,
"PZCPMO","MOSCOVIAN","INTERNATIONAL TIME-STRATIGRAPHIC UNIT",311.7,307.2,
"PZD","DEVONIAN","INTERNATIONAL TIME-STRATIGRAPHIC UNIT",408,354,104
"PZDE","EARLY DEVONIAN","INTERNATIONAL TIME-STRATIGRAPHIC UNIT",408,387,107
"PZDEEM","EMSIAN","INTERNATIONAL TIME-STRATIGRAPHIC UNIT",397,387,112
"PZDEGE","GEDINNIAN","INTERNATIONAL TIME-STRATIGRAPHIC UNIT",408,405,114
"PZDELO","LOCHKOVIAN","INTERNATIONAL TIME-STRATIGRAPHIC UNIT",408,402,226
"PZDEPR","PRAGIAN","INTERNATIONAL TIME-STRATIGRAPHIC UNIT",402,397,227
"PZDESI","SIEGENIAN","INTERNATIONAL TIME-STRATIGRAPHIC UNIT",405,400,113
"PZDETR","TREMADOCIAN","INTERNATIONAL TIME-STRATIGRAPHIC UNIT",490,480,133
"PZDEZL","ZLICHOVIAN","INTERNATIONAL TIME-STRATIGRAPHIC UNIT",393,387,229
"PZDL","LATE DEVONIAN","INTERNATIONAL TIME-STRATIGRAPHIC UNIT",370,354,105
"PZDLFA","FAMENNIAN","INTERNATIONAL TIME-STRATIGRAPHIC UNIT",364,354,108
"PZDLFR","FRASNIAN","INTERNATIONAL TIME-STRATIGRAPHIC UNIT",370,364,109
"PZDM","MIDDLE DEVONIAN","INTERNATIONAL TIME-STRATIGRAPHIC UNIT",387,370,106
"PZDMCO","COUVINIAN","INTERNATIONAL TIME-STRATIGRAPHIC UNIT",387,380,111
"PZDMEI","EIFELIAN","INTERNATIONAL TIME-STRATIGRAPHIC UNIT",387,380,224
"PZDMGI","GIVETIAN","INTERNATIONAL TIME-STRATIGRAPHIC UNIT",380,370,110
"PZE","EARLY PALAEOZOIC","INTERNATIONAL TIME-STRATIGRAPHIC UNIT",544,354,221
"PZK","CAMBRIAN","INTERNATIONAL TIME-STRATIGRAPHIC UNIT",544,490,134
"PZKCAL","ALDANIAN","INTERNATIONAL TIME-STRATIGRAPHIC UNIT",530,520,143
"PZKE","EARLY CAMBRIAN","INTERNATIONAL TIME-STRATIGRAPHIC UNIT",544,520,137
"PZKEAT","ATDABANIAN","INTERNATIONAL TIME-STRATIGRAPHIC UNIT",530,524,273
"PZKEBO","BOTOMAN","INTERNATIONAL TIME-STRATIGRAPHIC UNIT",524,520,275
"PZKELE","LENAN","INTERNATIONAL TIME-STRATIGRAPHIC UNIT",520,515,142
"PZKEMA","MAOZHUANGIAN","INTERNATIONAL TIME-STRATIGRAPHIC UNIT",516,514,264
"PZKEME","MEISHUCUNIAN","INTERNATIONAL TIME-STRATIGRAPHIC UNIT",544,530,268
"PZKEOR","ORDIAN","INTERNATIONAL TIME-STRATIGRAPHIC UNIT",520,516,210
"PZKETD","TOMMOTIAN","INTERNATIONAL TIME-STRATIGRAPHIC UNIT",535,530,274
"PZKL","LATE CAMBRIAN","INTERNATIONAL TIME-STRATIGRAPHIC UNIT",500,490,135
"PZKLFE","FENGSHANIAN","INTERNATIONAL TIME-STRATIGRAPHIC UNIT",494,490,255
"PZKLFR","FRANCONIAN","INTERNATIONAL TIME-STRATIGRAPHIC UNIT",496,494,225
"PZKLID","IDAMEAN","INTERNATIONAL TIME-STRATIGRAPHIC UNIT",498,496,207
"PZKLMI","MINDYALLAN","INTERNATIONAL TIME-STRATIGRAPHIC UNIT",502,498,208
"PZKLPA","PAYNTONIAN","INTERNATIONAL TIME-STRATIGRAPHIC UNIT",493,491,206
"PZKM","MIDDLE CAMBRIAN","INTERNATIONAL TIME-STRATIGRAPHIC UNIT",520,500,136
"PZKMAM","AMGAN","INTERNATIONAL TIME-STRATIGRAPHIC UNIT",506,504,141
"PZKMBO","BOOMERANGIAN","INTERNATIONAL TIME-STRATIGRAPHIC UNIT",504,502,269
"PZKMFL","FLORAN","INTERNATIONAL TIME-STRATIGRAPHIC UNIT",512,508,271
"PZKMLO","LONGWANGMIAOAN","INTERNATIONAL TIME-STRATIGRAPHIC UNIT",520,516,265
"PZKMMA","MAYAN","INTERNATIONAL TIME-STRATIGRAPHIC UNIT",510,505,140
"PZKMQI","QIONGZHUSIAN","INTERNATIONAL TIME-STRATIGRAPHIC UNIT",530,524,267
"PZKMTE","TEMPLETONIAN","INTERNATIONAL TIME-STRATIGRAPHIC UNIT",516,512,209
"PZKMUN","UNDILLAN","INTERNATIONAL TIME-STRATIGRAPHIC UNIT",508,504,270
"PZKMXU","XUZHUANGIAN","INTERNATIONAL TIME-STRATIGRAPHIC UNIT",514,510,263
"PZL","LATE PALAEOZOIC","INTERNATIONAL TIME-STRATIGRAPHIC UNIT",354,250,220
"PZO","ORDOVICIAN","INTERNATIONAL TIME-STRATIGRAPHIC UNIT",490,434,125
"PZOE","EARLY ORDOVICIAN","INTERNATIONAL TIME-STRATIGRAPHIC UNIT",490,458,127
"PZOEAR","ARENIG","INTERNATIONAL TIME-STRATIGRAPHIC UNIT",486,463,238
"PZOEBE","BENDIGONIAN","INTERNATIONAL TIME-STRATIGRAPHIC UNIT",478,476,202
"PZOECA","CASTLEMAINIAN","INTERNATIONAL TIME-STRATIGRAPHIC UNIT",474,470,233
"PZOECH","CHEWTONIAN","INTERNATIONAL TIME-STRATIGRAPHIC UNIT",476,474,201
"PZOEDA","DATSONIAN","INTERNATIONAL TIME-STRATIGRAPHIC UNIT",491,488,205
"PZOEIB","IBEXIAN","INTERNATIONAL TIME-STRATIGRAPHIC UNIT",492,476,243
"PZOEKU","KUSHANIAN","INTERNATIONAL TIME-STRATIGRAPHIC UNIT",501,498,257
"PZOELA","LANCEFIELDIAN","INTERNATIONAL TIME-STRATIGRAPHIC UNIT",488,478,203
"PZOESH","SHIDERTINIAN","INTERNATIONAL TIME-STRATIGRAPHIC UNIT",495,490,138
"PZOESK","SKIDDAVIAN","INTERNATIONAL TIME-STRATIGRAPHIC UNIT",480,465,218
"PZOETR","TREMADOC","INTERNATIONAL TIME-STRATIGRAPHIC UNIT",490,480,239
"PZOETU","TUORIAN","INTERNATIONAL TIME-STRATIGRAPHIC UNIT",500,495,139
"PZOEWA","WARENDIAN","INTERNATIONAL TIME-STRATIGRAPHIC UNIT",488,480,204
"PZOEZH","ZHANGXIAN","INTERNATIONAL TIME-STRATIGRAPHIC UNIT",510,501,258
"PZOL","LATE ORDOVICIAN","INTERNATIONAL TIME-STRATIGRAPHIC UNIT",458,434,126
"PZOLAS","ASHGILL","INTERNATIONAL TIME-STRATIGRAPHIC UNIT",445,434,234
"PZOLBO","BOLINDIAN","INTERNATIONAL TIME-STRATIGRAPHIC UNIT",442,434,195
"PZOLCA","CARADOC","INTERNATIONAL TIME-STRATIGRAPHIC UNIT",457,444,235
"PZOLCI","CINCINNATIAN","INTERNATIONAL TIME-STRATIGRAPHIC UNIT",447,434,240
"PZOLEA","EASTONIAN","INTERNATIONAL TIME-STRATIGRAPHIC UNIT",453,442,196
"PZOMCZ","CHAZYAN","INTERNATIONAL TIME-STRATIGRAPHIC UNIT",464,457,222
"PZOMDA","DARRIWILIAN","INTERNATIONAL TIME-STRATIGRAPHIC UNIT",466,458,198
"PZOMGI","GISBORNIAN","INTERNATIONAL TIME-STRATIGRAPHIC UNIT",458,453,197
"PZOMLD","LLANDEILO","INTERNATIONAL TIME-STRATIGRAPHIC UNIT",461,457,236
"PZOMLV","LLANVIRN","INTERNATIONAL TIME-STRATIGRAPHIC UNIT",465,461,237
"PZOMMO","MOHAWKIAN","INTERNATIONAL TIME-STRATIGRAPHIC UNIT",456,447,241
"PZOMWH","WHITEROCKIAN","INTERNATIONAL TIME-STRATIGRAPHIC UNIT",476,456,242
"PZOMYA","YAPEENIAN","INTERNATIONAL TIME-STRATIGRAPHIC UNIT",470,466,199
"PZP","PERMIAN","INTERNATIONAL TIME-STRATIGRAPHIC UNIT",299,251,
"PZPCI","CISURALIAN","INTERNATIONAL TIME-STRATIGRAPHIC UNIT",299,270.6,
"PZPE","EARLY PERMIAN","INTERNATIONAL TIME-STRATIGRAPHIC UNIT",299,270.6,
"PZPEAR","ARTINSKIAN","INTERNATIONAL TIME-STRATIGRAPHIC UNIT",284.4,275.6,
"PZPEAS","ASSELIAN","INTERNATIONAL TIME-STRATIGRAPHIC UNIT",299,294.6,
"PZPEKU","KUNGURIAN","INTERNATIONAL TIME-STRATIGRAPHIC UNIT",275.6,270.6,
"PZPESA","SAKMARIAN","INTERNATIONAL TIME-STRATIGRAPHIC UNIT",294.6,284.4,
"PZPGU","GUADALUPIAN","INTERNATIONAL TIME-STRATIGRAPHIC UNIT",270.6,260.4,
"PZPL","LATE PERMIAN","INTERNATIONAL TIME-STRATIGRAPHIC UNIT",260.4,251,
"PZPLCH","CHANGHSINGIAN","INTERNATIONAL TIME-STRATIGRAPHIC UNIT",253.8,251,
"PZPLGU","GUADALUPIAN","INTERNATIONAL TIME-STRATIGRAPHIC UNIT",273,261,219
"PZPLKA","KAZANIAN","INTERNATIONAL TIME-STRATIGRAPHIC UNIT",267,261.5,100
"PZPLO","LOPINGIAN","INTERNATIONAL TIME-STRATIGRAPHIC UNIT",260.4,251,
"PZPLTA","TATARIAN","INTERNATIONAL TIME-STRATIGRAPHIC UNIT",261.5,256,99
"PZPLWU","WUCHIAPINGIAN","INTERNATIONAL TIME-STRATIGRAPHIC UNIT",260.4,253.8,
"PZPM","MIDDLE PERMIAN","INTERNATIONAL TIME-STRATIGRAPHIC UNIT",270.6,260.4,
"PZPMCA","CAPITANIAN","INTERNATIONAL TIME-STRATIGRAPHIC UNIT",265.8,260.4,
"PZPMRO","ROADIAN","INTERNATIONAL TIME-STRATIGRAPHIC UNIT",270.6,268,
"PZPMWO","WORDIAN","INTERNATIONAL TIME-STRATIGRAPHIC UNIT",268,265.8,
"PZS","SILURIAN","INTERNATIONAL TIME-STRATIGRAPHIC UNIT",434,408,115
"PZSE","EARLY SILURIAN","INTERNATIONAL TIME-STRATIGRAPHIC UNIT",434,420,117
"PZSL","LATE SILURIAN","INTERNATIONAL TIME-STRATIGRAPHIC UNIT",420,408,116
"PZSLAE","AERONIAN","INTERNATIONAL TIME-STRATIGRAPHIC UNIT",431,428,253
"PZSLDO","DOWNTONIAN","INTERNATIONAL TIME-STRATIGRAPHIC UNIT",408,405,223
"PZSLGO","GORSTIAN","INTERNATIONAL TIME-STRATIGRAPHIC UNIT",420,416,249
"PZSLLU","LUDFORDIAN","INTERNATIONAL TIME-STRATIGRAPHIC UNIT",416,414,248
"PZSLRH","RHUDDANIAN","INTERNATIONAL TIME-STRATIGRAPHIC UNIT",434,431.5,254
"PZSLTE","TELYCHIAN","INTERNATIONAL TIME-STRATIGRAPHIC UNIT",429,425,252
"PZSLU","LUDLOW","INTERNATIONAL TIME-STRATIGRAPHIC UNIT",420,414,245
"PZSLV","LLANDOVERY","INTERNATIONAL TIME-STRATIGRAPHIC UNIT",434,425,247
"PZSP","PRIDOLI","INTERNATIONAL TIME-STRATIGRAPHIC UNIT",414,408,244
"PZSW","WENLOCKIAN","INTERNATIONAL TIME-STRATIGRAPHIC UNIT",425,420,120
"PZSWE","WENLOCK","INTERNATIONAL TIME-STRATIGRAPHIC UNIT",425,420,246
"PZSWEH","HOMERIAN","INTERNATIONAL TIME-STRATIGRAPHIC UNIT",421,420,250
"PZSWSH","SHEINWOODIAN","INTERNATIONAL TIME-STRATIGRAPHIC UNIT",425,421,251
"X","NIL UNIT IDENTIFIED","NOT APPLICABLE (BIOSTRAT TABLE USE ONLY)",,,
"AR","ARCHAEAN","INTERNATIONAL TIME-STRATIGRAPHIC UNIT",4600,2500,
"AREO","EOARCHAEAN","INTERNATIONAL TIME-STRATIGRAPHIC UNIT",4600,3600,
"ARME","MESOARCHAEAN","INTERNATIONAL TIME-STRATIGRAPHIC UNIT",3200,2800,
"ARNE","NEOARCHAEAN","INTERNATIONAL TIME-STRATIGRAPHIC UNIT",2800,2500,
"ARPA","PALAEOARCHAEAN","INTERNATIONAL TIME-STRATIGRAPHIC UNIT",3600,3200,
"BMZ","MESOZOIC","TIME-STRATIGRAPHIC UNIT (BIOSTRAT TABLE USE ONLY)",,,
"BMZJ","JURASSIC","TIME-STRATIGRAPHIC UNIT (BIOSTRAT TABLE USE ONLY)",,,
"BMZJE","EARLY JURASSIC","TIME-STRATIGRAPHIC UNIT (BIOSTRAT TABLE USE ONLY)",,,
"BMZJL","LATE JURASSIC","TIME-STRATIGRAPHIC UNIT (BIOSTRAT TABLE USE ONLY)",,,
"BMZJM","MIDDLE JURASSIC","TIME-STRATIGRAPHIC UNIT (BIOSTRAT TABLE USE ONLY)",,,
"BMZK","CRETACEOUS","TIME-STRATIGRAPHIC UNIT (BIOSTRAT TABLE USE ONLY)",,,
"BMZKE","EARLY CRETACEOUS","TIME-STRATIGRAPHIC UNIT (BIOSTRAT TABLE USE ONLY)",,,
"BMZKL","LATE CRETACEOUS","TIME-STRATIGRAPHIC UNIT (BIOSTRAT TABLE USE ONLY)",,,
"BMZT","TRIASSIC","TIME-STRATIGRAPHIC UNIT (BIOSTRAT TABLE USE ONLY)",,,
"BMZTE","EARLY TRIASSIC","TIME-STRATIGRAPHIC UNIT (BIOSTRAT TABLE USE ONLY)",,,
"BMZTL","LATE TRIASSIC","TIME-STRATIGRAPHIC UNIT (BIOSTRAT TABLE USE ONLY)",,,
"BMZTM","MIDDLE TRIASSIC","TIME-STRATIGRAPHIC UNIT (BIOSTRAT TABLE USE ONLY)",,,
"BPZ","PALAEOZOIC","TIME-STRATIGRAPHIC UNIT (BIOSTRAT TABLE USE ONLY)",,,
"BPZC","CARBONIFEROUS","TIME-STRATIGRAPHIC UNIT (BIOSTRAT TABLE USE ONLY)",,,
"BPZCE","EARLY CARBONIFEROUS","TIME-STRATIGRAPHIC UNIT (BIOSTRAT TABLE USE ONLY)",,,
"BPZCL","LATE CARBONIFEROUS","TIME-STRATIGRAPHIC UNIT (BIOSTRAT TABLE USE ONLY)",,,
"BPZD","DEVONIAN","TIME-STRATIGRAPHIC UNIT (BIOSTRAT TABLE USE ONLY)",,,
"BPZDE","EARLY DEVONIAN","TIME-STRATIGRAPHIC UNIT (BIOSTRAT TABLE USE ONLY)",,,
"BPZDL","LATE DEVONIAN","TIME-STRATIGRAPHIC UNIT (BIOSTRAT TABLE USE ONLY)",,,
"BPZDM","MIDDLE DEVONIAN","TIME-STRATIGRAPHIC UNIT (BIOSTRAT TABLE USE ONLY)",,,
"BPZK","CAMBRIAN","TIME-STRATIGRAPHIC UNIT (BIOSTRAT TABLE USE ONLY)",,,
