<?xml version="1.0" encoding="UTF-8"?>
<?xml-stylesheet type="text/xsl" href="ISO19139_12.6.xslt"?>
<gmd:MD_Metadata xmlns:gmd="http://www.isotc211.org/2005/gmd">
	<geo:geosoft xmlns:geo="http://www.geosoft.com/schema/geo">
		<geo:dataset>
			<geo:data_creation_date>2017-02-23</geo:data_creation_date>
			<geo:metadata_creation_date>2017-02-23</geo:metadata_creation_date>
			<geo:confidentiality index="Public">Public</geo:confidentiality>
			<geo:contact_position index="Wireline Log Data Manager">Wireline Log Data Manager</geo:contact_position>
			<geo:data_created_by>Geological Survey of Queensland</geo:data_created_by>
			<geo:file_format index="12">Project Package</geo:file_format>
			<geo:data_source_type index="Multi-source">Multi-source</geo:data_source_type>
			<data_status index="Processed">Processed</data_status>
			<geo:delivery_method index="Online">Online</geo:delivery_method>
			<geo:license index="http://creativecommons.org/licenses/by/4.0/">http://creativecommons.org/licenses/by/4.0/</geo:license>
			<geo:metadata_created_by>GRANT Rebecca</geo:metadata_created_by>
			<geo:contact_email>geological_info@dnrm.qld.gov.au</geo:contact_email>
			<geo:data_source_name>Geological Survey of Queensland</geo:data_source_name>
			<geo:version/>
			<geo:primary_theme index="4">Geology</geo:primary_theme>
			<geo:description>Database extract containing geological, geophysical, and geochemical data relating to Queensland’s sedimentary basins derived from the drilling of petroleum wells, coal seam gas wells (CSG), and stratigraphic bores. Data includes general well history, company and GSQ stratigraphy, drill stem tests, wireline logs, downhole temperatures, analytical data, biostratigraphy, and hydrocarbon indications.
QPED is extracted from MERLIN, a geographic information system (GIS), which involved the amalgamation of 4 Departmental Databases: the petroleum (QERDB), coal (QCOS), mineral (TerraSearch Pty Ltd download) and water (Groundwater Database).</geo:description>
			<geo:alternativename>QPED1702</geo:alternativename>
			<geo:project>QPED</geo:project>
			<geo:project_year>2017</geo:project_year>
			<geo:qdex_report_number/>
			<geo:support_documents/>
			<geo:title>Queensland Petroleum Exploration Data-QPED</geo:title>
			<geo:weblink/>
			<geo:country index="Australia, Commonwealth of">Australia, Commonwealth of</geo:country>
			<geo:region/>
			<geo:prov_state index="Queensland">Queensland</geo:prov_state>
			<geo:georeference>
				<geo:projection type="GEOGRAPHIC" name="WGS 84" ellipsoid="WGS 84" datum="WGS 84" wellknown_epsg="4326" datumtrf="WGS 84" datumtrf_description="[WGS 84] World" radius="6378137" eccentricity="0.0818191908426215" xmlns="http://www.geosoft.com/schema/geo">
					<shift x="0" y="0" z="0"/>
					<units name="dega" unit_scale="1"/>
				</geo:projection>
				<geo:dataextents>
					<geo:extent2d minx="138.0381" miny="-29.10035" maxx="153.6178" maxy="-7.714708"/>
				</geo:dataextents>
			</geo:georeference>
		</geo:dataset>
	</geo:geosoft>
	<gmd:identificationInfo>
		<gmd:MD_DataIdentification>
			<gmd:citation>
				<gmd:CI_Citation>
					<gmd:date>
						<gmd:CI_Date>
							<gmd:date>
								<gco:Date xmlns:gco="http://www.isotc211.org/2005/gco">2017-02-23</gco:Date>
							</gmd:date>
						</gmd:CI_Date>
					</gmd:date>
					<gmd:alternativeName>
						<gco:CharacterString xmlns:gco="http://www.isotc211.org/2005/gco">QPED1702</gco:CharacterString>
					</gmd:alternativeName>
					<gmd:alternateTitle>
						<gco:CharacterString xmlns:gco="http://www.isotc211.org/2005/gco">QPED</gco:CharacterString>
					</gmd:alternateTitle>
					<gmd:collectiveTitleYear>
						<gco:CharacterString xmlns:gco="http://www.isotc211.org/2005/gco">2017</gco:CharacterString>
					</gmd:collectiveTitleYear>
					<gmd:title>
						<gco:CharacterString xmlns:gco="http://www.isotc211.org/2005/gco">Queensland Petroleum Exploration Data-QPED</gco:CharacterString>
					</gmd:title>
				</gmd:CI_Citation>
			</gmd:citation>
			<gmd:descriptiveKeywords>
				<gmd:MD_Keywords>
					<gmd:keyword>
						<gco:CharacterString xmlns:gco="http://www.isotc211.org/2005/gco">Geology</gco:CharacterString>
					</gmd:keyword>
					<gmd:keyword>
						<gco:CharacterString xmlns:gco="http://www.isotc211.org/2005/gco">Australia, Commonwealth of</gco:CharacterString>
					</gmd:keyword>
					<gmd:keyword>
						<gco:CharacterString xmlns:gco="http://www.isotc211.org/2005/gco">Queensland</gco:CharacterString>
					</gmd:keyword>
				</gmd:MD_Keywords>
			</gmd:descriptiveKeywords>
			<gmd:resourceSpecificUsage>
				<gmd:MD_Usage>
					<gmd:specificUsage>
						<gco:CharacterString xmlns:gco="http://www.isotc211.org/2005/gco">Public</gco:CharacterString>
					</gmd:specificUsage>
				</gmd:MD_Usage>
			</gmd:resourceSpecificUsage>
			<gmd:status>
				<gmd:MD_ProgressCode>Processed</gmd:MD_ProgressCode>
			</gmd:status>
			<gmd:pointOfContact>
				<gmd:CI_ResponsibleParty>
					<gmd:individualName>
						<gco:CharacterString xmlns:gco="http://www.isotc211.org/2005/gco">Geological Survey of Queensland</gco:CharacterString>
					</gmd:individualName>
				</gmd:CI_ResponsibleParty>
			</gmd:pointOfContact>
			<gmd:abstract>
				<gco:CharacterString xmlns:gco="http://www.isotc211.org/2005/gco">Database extract containing geological, geophysical, and geochemical data relating to Queensland’s sedimentary basins derived from the drilling of petroleum wells, coal seam gas wells (CSG), and stratigraphic bores. Data includes general well history, company and GSQ stratigraphy, drill stem tests, wireline logs, downhole temperatures, analytical data, biostratigraphy, and hydrocarbon indications.
QPED is extracted from MERLIN, a geographic information system (GIS), which involved the amalgamation of 4 Departmental Databases: the petroleum (QERDB), coal (QCOS), mineral (TerraSearch Pty Ltd download) and water (Groundwater Database).</gco:CharacterString>
			</gmd:abstract>
			<gmd:extent>
				<gmd:EX_Extent>
					<gmd:geographicElement>
						<gmd:EX_GeographicBoundingBox>
							<gmd:westBoundLongitude>
								<gco:Decimal xmlns:gco="http://www.isotc211.org/2005/gco">138.0381</gco:Decimal>
							</gmd:westBoundLongitude>
							<gmd:eastBoundLongitude>
								<gco:Decimal xmlns:gco="http://www.isotc211.org/2005/gco">153.6178</gco:Decimal>
							</gmd:eastBoundLongitude>
							<gmd:southBoundLatitude>
								<gco:Decimal xmlns:gco="http://www.isotc211.org/2005/gco">-29.10035</gco:Decimal>
							</gmd:southBoundLatitude>
							<gmd:northBoundLatitude>
								<gco:Decimal xmlns:gco="http://www.isotc211.org/2005/gco">-7.714708</gco:Decimal>
							</gmd:northBoundLatitude>
						</gmd:EX_GeographicBoundingBox>
					</gmd:geographicElement>
				</gmd:EX_Extent>
			</gmd:extent>
		</gmd:MD_DataIdentification>
	</gmd:identificationInfo>
	<gmd:dataQualityInfo>
		<gmd:DQ_DataQuality>
			<gmd:lineage>
				<gmd:LI_Lineage>
					<gmd:source>
						<gmd:LI_Source>
							<geox:dataSourceType xmlns:geox="http://www.geosoft.com/schema/iso_geophysics_extension">
								<gco:CharacterString xmlns:gco="http://www.isotc211.org/2005/gco">Multi-source</gco:CharacterString>
							</geox:dataSourceType>
							<gmd:description>
								<gco:CharacterString xmlns:gco="http://www.isotc211.org/2005/gco">Geological Survey of Queensland</gco:CharacterString>
							</gmd:description>
						</gmd:LI_Source>
					</gmd:source>
					<geox:DeliveryMethod xmlns:geox="http://www.geosoft.com/schema/iso_geophysics_extension">
						<gco:CharacterString xmlns:gco="http://www.isotc211.org/2005/gco">Online</gco:CharacterString>
					</geox:DeliveryMethod>
					<gmd:statement>
						<gco:CharacterString xmlns:gco="http://www.isotc211.org/2005/gco">http://creativecommons.org/licenses/by/4.0/</gco:CharacterString>
					</gmd:statement>
				</gmd:LI_Lineage>
			</gmd:lineage>
		</gmd:DQ_DataQuality>
	</gmd:dataQualityInfo>
	<gmd:distributionInfo>
		<gmd:MD_Distribution>
			<gmd:distributionFormat>
				<gmd:MD_Format>
					<gmd:name>
						<gco:CharacterString xmlns:gco="http://www.isotc211.org/2005/gco">Project Package</gco:CharacterString>
					</gmd:name>
				</gmd:MD_Format>
			</gmd:distributionFormat>
		</gmd:MD_Distribution>
	</gmd:distributionInfo>
	<gmd:contact>
		<gmd:CI_ResponsibleParty>
			<gmd:role>
				<gmd:CI_RoleCode>Wireline Log Data Manager</gmd:CI_RoleCode>
			</gmd:role>
			<gmd:contactInfo>
				<gmd:CI_Contact>
					<gmd:address>
						<gmd:CI_Address>
							<gmd:electronicMailAddress>
								<gco:CharacterString xmlns:gco="http://www.isotc211.org/2005/gco">geological_info@dnrm.qld.gov.au</gco:CharacterString>
							</gmd:electronicMailAddress>
						</gmd:CI_Address>
					</gmd:address>
				</gmd:CI_Contact>
			</gmd:contactInfo>
			<gmd:individualName>
				<gco:CharacterString xmlns:gco="http://www.isotc211.org/2005/gco">GRANT Rebecca</gco:CharacterString>
			</gmd:individualName>
		</gmd:CI_ResponsibleParty>
	</gmd:contact>
	<gmd:metadataEntity>
		<gmd:MD_Metadata>
			<gmd:dateStamp>
				<gco:Date xmlns:gco="http://www.isotc211.org/2005/gco">2017-02-23</gco:Date>
			</gmd:dateStamp>
		</gmd:MD_Metadata>
	</gmd:metadataEntity>
	<gmd:referenceSystemInfo>
		<MD_ReferenceSystem xmlns="http://www.isotc211.org/2005/gmd">
			<referenceSystemIdentifier>
				<RS_Identifier>
					<codeSpace>
						<CharacterString xmlns="http://www.isotc211.org/2005/gco">ESRI</CharacterString>
					</codeSpace>
					<code>
						<CharacterString xmlns="http://www.isotc211.org/2005/gco">GEOGCS["GCS_WGS_1984",DATUM["D_WGS_1984",SPHEROID["WGS_1984",6378137.0,298.257223563]],PRIMEM["Greenwich",0.0],UNIT["Degree",0.0174532925199433],AUTHORITY["EPSG",4326]]</CharacterString>
					</code>
					<version>
						<CharacterString xmlns="http://www.isotc211.org/2005/gco">1</CharacterString>
					</version>
				</RS_Identifier>
			</referenceSystemIdentifier>
		</MD_ReferenceSystem>
	</gmd:referenceSystemInfo>
</gmd:MD_Metadata>